id,left,top,right,bottom,row_index,col_index
"1",100.119736916,6.721694625,100.258300980606,6.601694625,"0","0"
"2",100.119736916,6.601694625,100.258300980606,6.481694625,"1","0"
"3",100.119736916,6.481694625,100.258300980606,6.361694625,"2","0"
"4",100.119736916,6.361694625,100.258300980606,6.241694625,"3","0"
"5",100.119736916,6.241694625,100.258300980606,6.121694625,"4","0"
"11",100.119736916,5.521694625,100.258300980606,5.401694625,"10","0"
"12",100.119736916,5.401694625,100.258300980606,5.281694625,"11","0"
"13",100.119736916,5.281694625,100.258300980606,5.161694625,"12","0"
"47",100.223659964454,6.661694625,100.36222402906,6.541694625,"0","1"
"48",100.223659964454,6.541694625,100.36222402906,6.421694625,"1","1"
"49",100.223659964454,6.421694625,100.36222402906,6.301694625,"2","1"
"50",100.223659964454,6.301694625,100.36222402906,6.181694625,"3","1"
"51",100.223659964454,6.181694625,100.36222402906,6.061694625,"4","1"
"52",100.223659964454,6.061694625,100.36222402906,5.941694625,"5","1"
"53",100.223659964454,5.941694625,100.36222402906,5.821694625,"6","1"
"54",100.223659964454,5.821694625,100.36222402906,5.701694625,"7","1"
"55",100.223659964454,5.701694625,100.36222402906,5.581694625,"8","1"
"56",100.223659964454,5.581694625,100.36222402906,5.461694625,"9","1"
"57",100.223659964454,5.461694625,100.36222402906,5.341694625,"10","1"
"58",100.223659964454,5.341694625,100.36222402906,5.221694625,"11","1"
"60",100.223659964454,5.101694625,100.36222402906,4.981694625,"13","1"
"94",100.327583012908,6.601694625,100.466147077514,6.481694625,"1","2"
"95",100.327583012908,6.481694625,100.466147077514,6.361694625,"2","2"
"96",100.327583012908,6.361694625,100.466147077514,6.241694625,"3","2"
"97",100.327583012908,6.241694625,100.466147077514,6.121694625,"4","2"
"98",100.327583012908,6.121694625,100.466147077514,6.001694625,"5","2"
"99",100.327583012908,6.001694625,100.466147077514,5.881694625,"6","2"
"100",100.327583012908,5.881694625,100.466147077514,5.761694625,"7","2"
"101",100.327583012908,5.761694625,100.466147077514,5.641694625,"8","2"
"102",100.327583012908,5.641694625,100.466147077514,5.521694625,"9","2"
"103",100.327583012908,5.521694625,100.466147077514,5.401694625,"10","2"
"104",100.327583012908,5.401694625,100.466147077514,5.281694625,"11","2"
"105",100.327583012908,5.281694625,100.466147077514,5.161694625,"12","2"
"106",100.327583012908,5.161694625,100.466147077514,5.041694625,"13","2"
"107",100.327583012908,5.041694625,100.466147077514,4.921694625,"14","2"
"140",100.431506061362,6.541694625,100.570070125968,6.421694625,"1","3"
"141",100.431506061362,6.421694625,100.570070125968,6.301694625,"2","3"
"142",100.431506061362,6.301694625,100.570070125968,6.181694625,"3","3"
"143",100.431506061362,6.181694625,100.570070125968,6.061694625,"4","3"
"144",100.431506061362,6.061694625,100.570070125968,5.941694625,"5","3"
"145",100.431506061362,5.941694625,100.570070125968,5.821694625,"6","3"
"146",100.431506061362,5.821694625,100.570070125968,5.701694625,"7","3"
"147",100.431506061362,5.701694625,100.570070125968,5.581694625,"8","3"
"148",100.431506061362,5.581694625,100.570070125968,5.461694625,"9","3"
"149",100.431506061362,5.461694625,100.570070125968,5.341694625,"10","3"
"150",100.431506061362,5.341694625,100.570070125968,5.221694625,"11","3"
"151",100.431506061362,5.221694625,100.570070125968,5.101694625,"12","3"
"152",100.431506061362,5.101694625,100.570070125968,4.981694625,"13","3"
"153",100.431506061362,4.981694625,100.570070125968,4.861694625,"14","3"
"154",100.431506061362,4.861694625,100.570070125968,4.741694625,"15","3"
"186",100.535429109817,6.601694625,100.673993174422,6.481694625,"1","4"
"187",100.535429109817,6.481694625,100.673993174422,6.361694625,"2","4"
"188",100.535429109817,6.361694625,100.673993174422,6.241694625,"3","4"
"189",100.535429109817,6.241694625,100.673993174422,6.121694625,"4","4"
"190",100.535429109817,6.121694625,100.673993174422,6.001694625,"5","4"
"191",100.535429109817,6.001694625,100.673993174422,5.881694625,"6","4"
"192",100.535429109817,5.881694625,100.673993174422,5.761694625,"7","4"
"193",100.535429109817,5.761694625,100.673993174422,5.641694625,"8","4"
"194",100.535429109817,5.641694625,100.673993174422,5.521694625,"9","4"
"195",100.535429109817,5.521694625,100.673993174422,5.401694625,"10","4"
"196",100.535429109817,5.401694625,100.673993174422,5.281694625,"11","4"
"197",100.535429109817,5.281694625,100.673993174422,5.161694625,"12","4"
"198",100.535429109817,5.161694625,100.673993174422,5.041694625,"13","4"
"199",100.535429109817,5.041694625,100.673993174422,4.921694625,"14","4"
"200",100.535429109817,4.921694625,100.673993174422,4.801694625,"15","4"
"201",100.535429109817,4.801694625,100.673993174422,4.681694625,"16","4"
"202",100.535429109817,4.681694625,100.673993174422,4.561694625,"17","4"
"203",100.535429109817,4.561694625,100.673993174422,4.441694625,"18","4"
"204",100.535429109817,4.441694625,100.673993174422,4.321694625,"19","4"
"205",100.535429109817,4.321694625,100.673993174422,4.201694625,"20","4"
"206",100.535429109817,4.201694625,100.673993174422,4.081694625,"21","4"
"208",100.535429109817,3.961694625,100.673993174422,3.841694625,"23","4"
"232",100.639352158271,6.541694625,100.777916222876,6.421694625,"1","5"
"233",100.639352158271,6.421694625,100.777916222876,6.301694625,"2","5"
"234",100.639352158271,6.301694625,100.777916222876,6.181694625,"3","5"
"235",100.639352158271,6.181694625,100.777916222876,6.061694625,"4","5"
"236",100.639352158271,6.061694625,100.777916222876,5.941694625,"5","5"
"237",100.639352158271,5.941694625,100.777916222876,5.821694625,"6","5"
"238",100.639352158271,5.821694625,100.777916222876,5.701694625,"7","5"
"239",100.639352158271,5.701694625,100.777916222876,5.581694625,"8","5"
"240",100.639352158271,5.581694625,100.777916222876,5.461694625,"9","5"
"241",100.639352158271,5.461694625,100.777916222876,5.341694625,"10","5"
"242",100.639352158271,5.341694625,100.777916222876,5.221694625,"11","5"
"243",100.639352158271,5.221694625,100.777916222876,5.101694625,"12","5"
"244",100.639352158271,5.101694625,100.777916222876,4.981694625,"13","5"
"245",100.639352158271,4.981694625,100.777916222876,4.861694625,"14","5"
"246",100.639352158271,4.861694625,100.777916222876,4.741694625,"15","5"
"247",100.639352158271,4.741694625,100.777916222876,4.621694625,"16","5"
"248",100.639352158271,4.621694625,100.777916222876,4.501694625,"17","5"
"249",100.639352158271,4.501694625,100.777916222876,4.381694625,"18","5"
"250",100.639352158271,4.381694625,100.777916222876,4.261694625,"19","5"
"251",100.639352158271,4.261694625,100.777916222876,4.141694625,"20","5"
"252",100.639352158271,4.141694625,100.777916222876,4.021694625,"21","5"
"253",100.639352158271,4.021694625,100.777916222876,3.901694625,"22","5"
"254",100.639352158271,3.901694625,100.777916222876,3.781694625,"23","5"
"279",100.743275206725,6.481694625,100.88183927133,6.361694625,"2","6"
"280",100.743275206725,6.361694625,100.88183927133,6.241694625,"3","6"
"281",100.743275206725,6.241694625,100.88183927133,6.121694625,"4","6"
"282",100.743275206725,6.121694625,100.88183927133,6.001694625,"5","6"
"283",100.743275206725,6.001694625,100.88183927133,5.881694625,"6","6"
"284",100.743275206725,5.881694625,100.88183927133,5.761694625,"7","6"
"285",100.743275206725,5.761694625,100.88183927133,5.641694625,"8","6"
"286",100.743275206725,5.641694625,100.88183927133,5.521694625,"9","6"
"287",100.743275206725,5.521694625,100.88183927133,5.401694625,"10","6"
"288",100.743275206725,5.401694625,100.88183927133,5.281694625,"11","6"
"289",100.743275206725,5.281694625,100.88183927133,5.161694625,"12","6"
"290",100.743275206725,5.161694625,100.88183927133,5.041694625,"13","6"
"291",100.743275206725,5.041694625,100.88183927133,4.921694625,"14","6"
"292",100.743275206725,4.921694625,100.88183927133,4.801694625,"15","6"
"293",100.743275206725,4.801694625,100.88183927133,4.681694625,"16","6"
"294",100.743275206725,4.681694625,100.88183927133,4.561694625,"17","6"
"295",100.743275206725,4.561694625,100.88183927133,4.441694625,"18","6"
"296",100.743275206725,4.441694625,100.88183927133,4.321694625,"19","6"
"297",100.743275206725,4.321694625,100.88183927133,4.201694625,"20","6"
"298",100.743275206725,4.201694625,100.88183927133,4.081694625,"21","6"
"299",100.743275206725,4.081694625,100.88183927133,3.961694625,"22","6"
"300",100.743275206725,3.961694625,100.88183927133,3.841694625,"23","6"
"301",100.743275206725,3.841694625,100.88183927133,3.721694625,"24","6"
"325",100.847198255179,6.421694625,100.985762319784,6.301694625,"2","7"
"326",100.847198255179,6.301694625,100.985762319784,6.181694625,"3","7"
"327",100.847198255179,6.181694625,100.985762319784,6.061694625,"4","7"
"328",100.847198255179,6.061694625,100.985762319784,5.941694625,"5","7"
"329",100.847198255179,5.941694625,100.985762319784,5.821694625,"6","7"
"330",100.847198255179,5.821694625,100.985762319784,5.701694625,"7","7"
"331",100.847198255179,5.701694625,100.985762319784,5.581694625,"8","7"
"332",100.847198255179,5.581694625,100.985762319784,5.461694625,"9","7"
"333",100.847198255179,5.461694625,100.985762319784,5.341694625,"10","7"
"334",100.847198255179,5.341694625,100.985762319784,5.221694625,"11","7"
"335",100.847198255179,5.221694625,100.985762319784,5.101694625,"12","7"
"336",100.847198255179,5.101694625,100.985762319784,4.981694625,"13","7"
"337",100.847198255179,4.981694625,100.985762319784,4.861694625,"14","7"
"338",100.847198255179,4.861694625,100.985762319784,4.741694625,"15","7"
"339",100.847198255179,4.741694625,100.985762319784,4.621694625,"16","7"
"340",100.847198255179,4.621694625,100.985762319784,4.501694625,"17","7"
"341",100.847198255179,4.501694625,100.985762319784,4.381694625,"18","7"
"342",100.847198255179,4.381694625,100.985762319784,4.261694625,"19","7"
"343",100.847198255179,4.261694625,100.985762319784,4.141694625,"20","7"
"344",100.847198255179,4.141694625,100.985762319784,4.021694625,"21","7"
"345",100.847198255179,4.021694625,100.985762319784,3.901694625,"22","7"
"346",100.847198255179,3.901694625,100.985762319784,3.781694625,"23","7"
"347",100.847198255179,3.781694625,100.985762319784,3.661694625,"24","7"
"348",100.847198255179,3.661694625,100.985762319784,3.541694625,"25","7"
"372",100.951121303633,6.361694625,101.089685368239,6.241694625,"3","8"
"373",100.951121303633,6.241694625,101.089685368239,6.121694625,"4","8"
"374",100.951121303633,6.121694625,101.089685368239,6.001694625,"5","8"
"375",100.951121303633,6.001694625,101.089685368239,5.881694625,"6","8"
"376",100.951121303633,5.881694625,101.089685368239,5.761694625,"7","8"
"377",100.951121303633,5.761694625,101.089685368239,5.641694625,"8","8"
"378",100.951121303633,5.641694625,101.089685368239,5.521694625,"9","8"
"379",100.951121303633,5.521694625,101.089685368239,5.401694625,"10","8"
"380",100.951121303633,5.401694625,101.089685368239,5.281694625,"11","8"
"381",100.951121303633,5.281694625,101.089685368239,5.161694625,"12","8"
"382",100.951121303633,5.161694625,101.089685368239,5.041694625,"13","8"
"383",100.951121303633,5.041694625,101.089685368239,4.921694625,"14","8"
"384",100.951121303633,4.921694625,101.089685368239,4.801694625,"15","8"
"385",100.951121303633,4.801694625,101.089685368239,4.681694625,"16","8"
"386",100.951121303633,4.681694625,101.089685368239,4.561694625,"17","8"
"387",100.951121303633,4.561694625,101.089685368239,4.441694625,"18","8"
"388",100.951121303633,4.441694625,101.089685368239,4.321694625,"19","8"
"389",100.951121303633,4.321694625,101.089685368239,4.201694625,"20","8"
"390",100.951121303633,4.201694625,101.089685368239,4.081694625,"21","8"
"391",100.951121303633,4.081694625,101.089685368239,3.961694625,"22","8"
"392",100.951121303633,3.961694625,101.089685368239,3.841694625,"23","8"
"393",100.951121303633,3.841694625,101.089685368239,3.721694625,"24","8"
"394",100.951121303633,3.721694625,101.089685368239,3.601694625,"25","8"
"395",100.951121303633,3.601694625,101.089685368239,3.481694625,"26","8"
"418",101.055044352087,6.301694625,101.193608416693,6.181694625,"3","9"
"419",101.055044352087,6.181694625,101.193608416693,6.061694625,"4","9"
"420",101.055044352087,6.061694625,101.193608416693,5.941694625,"5","9"
"423",101.055044352087,5.701694625,101.193608416693,5.581694625,"8","9"
"424",101.055044352087,5.581694625,101.193608416693,5.461694625,"9","9"
"425",101.055044352087,5.461694625,101.193608416693,5.341694625,"10","9"
"426",101.055044352087,5.341694625,101.193608416693,5.221694625,"11","9"
"427",101.055044352087,5.221694625,101.193608416693,5.101694625,"12","9"
"428",101.055044352087,5.101694625,101.193608416693,4.981694625,"13","9"
"429",101.055044352087,4.981694625,101.193608416693,4.861694625,"14","9"
"430",101.055044352087,4.861694625,101.193608416693,4.741694625,"15","9"
"431",101.055044352087,4.741694625,101.193608416693,4.621694625,"16","9"
"432",101.055044352087,4.621694625,101.193608416693,4.501694625,"17","9"
"433",101.055044352087,4.501694625,101.193608416693,4.381694625,"18","9"
"434",101.055044352087,4.381694625,101.193608416693,4.261694625,"19","9"
"435",101.055044352087,4.261694625,101.193608416693,4.141694625,"20","9"
"436",101.055044352087,4.141694625,101.193608416693,4.021694625,"21","9"
"437",101.055044352087,4.021694625,101.193608416693,3.901694625,"22","9"
"438",101.055044352087,3.901694625,101.193608416693,3.781694625,"23","9"
"439",101.055044352087,3.781694625,101.193608416693,3.661694625,"24","9"
"440",101.055044352087,3.661694625,101.193608416693,3.541694625,"25","9"
"441",101.055044352087,3.541694625,101.193608416693,3.421694625,"26","9"
"442",101.055044352087,3.421694625,101.193608416693,3.301694625,"27","9"
"469",101.158967400541,5.761694625,101.297531465147,5.641694625,"8","10"
"470",101.158967400541,5.641694625,101.297531465147,5.521694625,"9","10"
"471",101.158967400541,5.521694625,101.297531465147,5.401694625,"10","10"
"472",101.158967400541,5.401694625,101.297531465147,5.281694625,"11","10"
"473",101.158967400541,5.281694625,101.297531465147,5.161694625,"12","10"
"474",101.158967400541,5.161694625,101.297531465147,5.041694625,"13","10"
"475",101.158967400541,5.041694625,101.297531465147,4.921694625,"14","10"
"476",101.158967400541,4.921694625,101.297531465147,4.801694625,"15","10"
"477",101.158967400541,4.801694625,101.297531465147,4.681694625,"16","10"
"478",101.158967400541,4.681694625,101.297531465147,4.561694625,"17","10"
"479",101.158967400541,4.561694625,101.297531465147,4.441694625,"18","10"
"480",101.158967400541,4.441694625,101.297531465147,4.321694625,"19","10"
"481",101.158967400541,4.321694625,101.297531465147,4.201694625,"20","10"
"482",101.158967400541,4.201694625,101.297531465147,4.081694625,"21","10"
"483",101.158967400541,4.081694625,101.297531465147,3.961694625,"22","10"
"484",101.158967400541,3.961694625,101.297531465147,3.841694625,"23","10"
"485",101.158967400541,3.841694625,101.297531465147,3.721694625,"24","10"
"486",101.158967400541,3.721694625,101.297531465147,3.601694625,"25","10"
"487",101.158967400541,3.601694625,101.297531465147,3.481694625,"26","10"
"488",101.158967400541,3.481694625,101.297531465147,3.361694625,"27","10"
"489",101.158967400541,3.361694625,101.297531465147,3.241694625,"28","10"
"491",101.158967400541,3.121694625,101.297531465147,3.001694625,"30","10"
"492",101.158967400541,3.001694625,101.297531465147,2.881694625,"31","10"
"493",101.158967400541,2.881694625,101.297531465147,2.761694625,"32","10"
"514",101.262890448995,5.821694625,101.401454513601,5.701694625,"7","11"
"515",101.262890448995,5.701694625,101.401454513601,5.581694625,"8","11"
"516",101.262890448995,5.581694625,101.401454513601,5.461694625,"9","11"
"517",101.262890448995,5.461694625,101.401454513601,5.341694625,"10","11"
"518",101.262890448995,5.341694625,101.401454513601,5.221694625,"11","11"
"519",101.262890448995,5.221694625,101.401454513601,5.101694625,"12","11"
"520",101.262890448995,5.101694625,101.401454513601,4.981694625,"13","11"
"521",101.262890448995,4.981694625,101.401454513601,4.861694625,"14","11"
"522",101.262890448995,4.861694625,101.401454513601,4.741694625,"15","11"
"523",101.262890448995,4.741694625,101.401454513601,4.621694625,"16","11"
"524",101.262890448995,4.621694625,101.401454513601,4.501694625,"17","11"
"525",101.262890448995,4.501694625,101.401454513601,4.381694625,"18","11"
"526",101.262890448995,4.381694625,101.401454513601,4.261694625,"19","11"
"527",101.262890448995,4.261694625,101.401454513601,4.141694625,"20","11"
"528",101.262890448995,4.141694625,101.401454513601,4.021694625,"21","11"
"529",101.262890448995,4.021694625,101.401454513601,3.901694625,"22","11"
"530",101.262890448995,3.901694625,101.401454513601,3.781694625,"23","11"
"531",101.262890448995,3.781694625,101.401454513601,3.661694625,"24","11"
"532",101.262890448995,3.661694625,101.401454513601,3.541694625,"25","11"
"533",101.262890448995,3.541694625,101.401454513601,3.421694625,"26","11"
"534",101.262890448995,3.421694625,101.401454513601,3.301694625,"27","11"
"535",101.262890448995,3.301694625,101.401454513601,3.181694625,"28","11"
"536",101.262890448995,3.181694625,101.401454513601,3.061694625,"29","11"
"537",101.262890448995,3.061694625,101.401454513601,2.941694625,"30","11"
"538",101.262890448995,2.941694625,101.401454513601,2.821694625,"31","11"
"539",101.262890448995,2.821694625,101.401454513601,2.701694625,"32","11"
"560",101.36681349745,5.881694625,101.505377562055,5.761694625,"7","12"
"561",101.36681349745,5.761694625,101.505377562055,5.641694625,"8","12"
"562",101.36681349745,5.641694625,101.505377562055,5.521694625,"9","12"
"563",101.36681349745,5.521694625,101.505377562055,5.401694625,"10","12"
"564",101.36681349745,5.401694625,101.505377562055,5.281694625,"11","12"
"565",101.36681349745,5.281694625,101.505377562055,5.161694625,"12","12"
"566",101.36681349745,5.161694625,101.505377562055,5.041694625,"13","12"
"567",101.36681349745,5.041694625,101.505377562055,4.921694625,"14","12"
"568",101.36681349745,4.921694625,101.505377562055,4.801694625,"15","12"
"569",101.36681349745,4.801694625,101.505377562055,4.681694625,"16","12"
"570",101.36681349745,4.681694625,101.505377562055,4.561694625,"17","12"
"571",101.36681349745,4.561694625,101.505377562055,4.441694625,"18","12"
"572",101.36681349745,4.441694625,101.505377562055,4.321694625,"19","12"
"573",101.36681349745,4.321694625,101.505377562055,4.201694625,"20","12"
"574",101.36681349745,4.201694625,101.505377562055,4.081694625,"21","12"
"575",101.36681349745,4.081694625,101.505377562055,3.961694625,"22","12"
"576",101.36681349745,3.961694625,101.505377562055,3.841694625,"23","12"
"577",101.36681349745,3.841694625,101.505377562055,3.721694625,"24","12"
"578",101.36681349745,3.721694625,101.505377562055,3.601694625,"25","12"
"579",101.36681349745,3.601694625,101.505377562055,3.481694625,"26","12"
"580",101.36681349745,3.481694625,101.505377562055,3.361694625,"27","12"
"581",101.36681349745,3.361694625,101.505377562055,3.241694625,"28","12"
"582",101.36681349745,3.241694625,101.505377562055,3.121694625,"29","12"
"583",101.36681349745,3.121694625,101.505377562055,3.001694625,"30","12"
"584",101.36681349745,3.001694625,101.505377562055,2.881694625,"31","12"
"585",101.36681349745,2.881694625,101.505377562055,2.761694625,"32","12"
"586",101.36681349745,2.761694625,101.505377562055,2.641694625,"33","12"
"605",101.470736545904,5.941694625,101.609300610509,5.821694625,"6","13"
"606",101.470736545904,5.821694625,101.609300610509,5.701694625,"7","13"
"607",101.470736545904,5.701694625,101.609300610509,5.581694625,"8","13"
"608",101.470736545904,5.581694625,101.609300610509,5.461694625,"9","13"
"609",101.470736545904,5.461694625,101.609300610509,5.341694625,"10","13"
"610",101.470736545904,5.341694625,101.609300610509,5.221694625,"11","13"
"611",101.470736545904,5.221694625,101.609300610509,5.101694625,"12","13"
"612",101.470736545904,5.101694625,101.609300610509,4.981694625,"13","13"
"613",101.470736545904,4.981694625,101.609300610509,4.861694625,"14","13"
"614",101.470736545904,4.861694625,101.609300610509,4.741694625,"15","13"
"615",101.470736545904,4.741694625,101.609300610509,4.621694625,"16","13"
"616",101.470736545904,4.621694625,101.609300610509,4.501694625,"17","13"
"617",101.470736545904,4.501694625,101.609300610509,4.381694625,"18","13"
"618",101.470736545904,4.381694625,101.609300610509,4.261694625,"19","13"
"619",101.470736545904,4.261694625,101.609300610509,4.141694625,"20","13"
"620",101.470736545904,4.141694625,101.609300610509,4.021694625,"21","13"
"621",101.470736545904,4.021694625,101.609300610509,3.901694625,"22","13"
"622",101.470736545904,3.901694625,101.609300610509,3.781694625,"23","13"
"623",101.470736545904,3.781694625,101.609300610509,3.661694625,"24","13"
"624",101.470736545904,3.661694625,101.609300610509,3.541694625,"25","13"
"625",101.470736545904,3.541694625,101.609300610509,3.421694625,"26","13"
"626",101.470736545904,3.421694625,101.609300610509,3.301694625,"27","13"
"627",101.470736545904,3.301694625,101.609300610509,3.181694625,"28","13"
"628",101.470736545904,3.181694625,101.609300610509,3.061694625,"29","13"
"629",101.470736545904,3.061694625,101.609300610509,2.941694625,"30","13"
"630",101.470736545904,2.941694625,101.609300610509,2.821694625,"31","13"
"631",101.470736545904,2.821694625,101.609300610509,2.701694625,"32","13"
"632",101.470736545904,2.701694625,101.609300610509,2.581694625,"33","13"
"651",101.574659594358,6.001694625,101.713223658963,5.881694625,"6","14"
"652",101.574659594358,5.881694625,101.713223658963,5.761694625,"7","14"
"653",101.574659594358,5.761694625,101.713223658963,5.641694625,"8","14"
"654",101.574659594358,5.641694625,101.713223658963,5.521694625,"9","14"
"655",101.574659594358,5.521694625,101.713223658963,5.401694625,"10","14"
"656",101.574659594358,5.401694625,101.713223658963,5.281694625,"11","14"
"657",101.574659594358,5.281694625,101.713223658963,5.161694625,"12","14"
"658",101.574659594358,5.161694625,101.713223658963,5.041694625,"13","14"
"659",101.574659594358,5.041694625,101.713223658963,4.921694625,"14","14"
"660",101.574659594358,4.921694625,101.713223658963,4.801694625,"15","14"
"661",101.574659594358,4.801694625,101.713223658963,4.681694625,"16","14"
"662",101.574659594358,4.681694625,101.713223658963,4.561694625,"17","14"
"663",101.574659594358,4.561694625,101.713223658963,4.441694625,"18","14"
"664",101.574659594358,4.441694625,101.713223658963,4.321694625,"19","14"
"665",101.574659594358,4.321694625,101.713223658963,4.201694625,"20","14"
"666",101.574659594358,4.201694625,101.713223658963,4.081694625,"21","14"
"667",101.574659594358,4.081694625,101.713223658963,3.961694625,"22","14"
"668",101.574659594358,3.961694625,101.713223658963,3.841694625,"23","14"
"669",101.574659594358,3.841694625,101.713223658963,3.721694625,"24","14"
"670",101.574659594358,3.721694625,101.713223658963,3.601694625,"25","14"
"671",101.574659594358,3.601694625,101.713223658963,3.481694625,"26","14"
"672",101.574659594358,3.481694625,101.713223658963,3.361694625,"27","14"
"673",101.574659594358,3.361694625,101.713223658963,3.241694625,"28","14"
"674",101.574659594358,3.241694625,101.713223658963,3.121694625,"29","14"
"675",101.574659594358,3.121694625,101.713223658963,3.001694625,"30","14"
"676",101.574659594358,3.001694625,101.713223658963,2.881694625,"31","14"
"677",101.574659594358,2.881694625,101.713223658963,2.761694625,"32","14"
"678",101.574659594358,2.761694625,101.713223658963,2.641694625,"33","14"
"679",101.574659594358,2.641694625,101.713223658963,2.521694625,"34","14"
"698",101.678582642812,5.821694625,101.817146707418,5.701694625,"7","15"
"699",101.678582642812,5.701694625,101.817146707418,5.581694625,"8","15"
"700",101.678582642812,5.581694625,101.817146707418,5.461694625,"9","15"
"701",101.678582642812,5.461694625,101.817146707418,5.341694625,"10","15"
"702",101.678582642812,5.341694625,101.817146707418,5.221694625,"11","15"
"703",101.678582642812,5.221694625,101.817146707418,5.101694625,"12","15"
"704",101.678582642812,5.101694625,101.817146707418,4.981694625,"13","15"
"705",101.678582642812,4.981694625,101.817146707418,4.861694625,"14","15"
"706",101.678582642812,4.861694625,101.817146707418,4.741694625,"15","15"
"707",101.678582642812,4.741694625,101.817146707418,4.621694625,"16","15"
"708",101.678582642812,4.621694625,101.817146707418,4.501694625,"17","15"
"709",101.678582642812,4.501694625,101.817146707418,4.381694625,"18","15"
"710",101.678582642812,4.381694625,101.817146707418,4.261694625,"19","15"
"711",101.678582642812,4.261694625,101.817146707418,4.141694625,"20","15"
"712",101.678582642812,4.141694625,101.817146707418,4.021694625,"21","15"
"713",101.678582642812,4.021694625,101.817146707418,3.901694625,"22","15"
"714",101.678582642812,3.901694625,101.817146707418,3.781694625,"23","15"
"715",101.678582642812,3.781694625,101.817146707418,3.661694625,"24","15"
"716",101.678582642812,3.661694625,101.817146707418,3.541694625,"25","15"
"717",101.678582642812,3.541694625,101.817146707418,3.421694625,"26","15"
"718",101.678582642812,3.421694625,101.817146707418,3.301694625,"27","15"
"719",101.678582642812,3.301694625,101.817146707418,3.181694625,"28","15"
"720",101.678582642812,3.181694625,101.817146707418,3.061694625,"29","15"
"721",101.678582642812,3.061694625,101.817146707418,2.941694625,"30","15"
"722",101.678582642812,2.941694625,101.817146707418,2.821694625,"31","15"
"723",101.678582642812,2.821694625,101.817146707418,2.701694625,"32","15"
"724",101.678582642812,2.701694625,101.817146707418,2.581694625,"33","15"
"725",101.678582642812,2.581694625,101.817146707418,2.461694625,"34","15"
"744",101.782505691266,5.881694625,101.921069755872,5.761694625,"7","16"
"745",101.782505691266,5.761694625,101.921069755872,5.641694625,"8","16"
"746",101.782505691266,5.641694625,101.921069755872,5.521694625,"9","16"
"747",101.782505691266,5.521694625,101.921069755872,5.401694625,"10","16"
"748",101.782505691266,5.401694625,101.921069755872,5.281694625,"11","16"
"749",101.782505691266,5.281694625,101.921069755872,5.161694625,"12","16"
"750",101.782505691266,5.161694625,101.921069755872,5.041694625,"13","16"
"751",101.782505691266,5.041694625,101.921069755872,4.921694625,"14","16"
"752",101.782505691266,4.921694625,101.921069755872,4.801694625,"15","16"
"753",101.782505691266,4.801694625,101.921069755872,4.681694625,"16","16"
"754",101.782505691266,4.681694625,101.921069755872,4.561694625,"17","16"
"755",101.782505691266,4.561694625,101.921069755872,4.441694625,"18","16"
"756",101.782505691266,4.441694625,101.921069755872,4.321694625,"19","16"
"757",101.782505691266,4.321694625,101.921069755872,4.201694625,"20","16"
"758",101.782505691266,4.201694625,101.921069755872,4.081694625,"21","16"
"759",101.782505691266,4.081694625,101.921069755872,3.961694625,"22","16"
"760",101.782505691266,3.961694625,101.921069755872,3.841694625,"23","16"
"761",101.782505691266,3.841694625,101.921069755872,3.721694625,"24","16"
"762",101.782505691266,3.721694625,101.921069755872,3.601694625,"25","16"
"763",101.782505691266,3.601694625,101.921069755872,3.481694625,"26","16"
"764",101.782505691266,3.481694625,101.921069755872,3.361694625,"27","16"
"765",101.782505691266,3.361694625,101.921069755872,3.241694625,"28","16"
"766",101.782505691266,3.241694625,101.921069755872,3.121694625,"29","16"
"767",101.782505691266,3.121694625,101.921069755872,3.001694625,"30","16"
"768",101.782505691266,3.001694625,101.921069755872,2.881694625,"31","16"
"769",101.782505691266,2.881694625,101.921069755872,2.761694625,"32","16"
"770",101.782505691266,2.761694625,101.921069755872,2.641694625,"33","16"
"771",101.782505691266,2.641694625,101.921069755872,2.521694625,"34","16"
"772",101.782505691266,2.521694625,101.921069755872,2.401694625,"35","16"
"773",101.782505691266,2.401694625,101.921069755872,2.281694625,"36","16"
"788",101.88642873972,6.061694625,102.024992804326,5.941694625,"5","17"
"789",101.88642873972,5.941694625,102.024992804326,5.821694625,"6","17"
"790",101.88642873972,5.821694625,102.024992804326,5.701694625,"7","17"
"791",101.88642873972,5.701694625,102.024992804326,5.581694625,"8","17"
"792",101.88642873972,5.581694625,102.024992804326,5.461694625,"9","17"
"793",101.88642873972,5.461694625,102.024992804326,5.341694625,"10","17"
"794",101.88642873972,5.341694625,102.024992804326,5.221694625,"11","17"
"795",101.88642873972,5.221694625,102.024992804326,5.101694625,"12","17"
"796",101.88642873972,5.101694625,102.024992804326,4.981694625,"13","17"
"797",101.88642873972,4.981694625,102.024992804326,4.861694625,"14","17"
"798",101.88642873972,4.861694625,102.024992804326,4.741694625,"15","17"
"799",101.88642873972,4.741694625,102.024992804326,4.621694625,"16","17"
"800",101.88642873972,4.621694625,102.024992804326,4.501694625,"17","17"
"801",101.88642873972,4.501694625,102.024992804326,4.381694625,"18","17"
"802",101.88642873972,4.381694625,102.024992804326,4.261694625,"19","17"
"803",101.88642873972,4.261694625,102.024992804326,4.141694625,"20","17"
"804",101.88642873972,4.141694625,102.024992804326,4.021694625,"21","17"
"805",101.88642873972,4.021694625,102.024992804326,3.901694625,"22","17"
"806",101.88642873972,3.901694625,102.024992804326,3.781694625,"23","17"
"807",101.88642873972,3.781694625,102.024992804326,3.661694625,"24","17"
"808",101.88642873972,3.661694625,102.024992804326,3.541694625,"25","17"
"809",101.88642873972,3.541694625,102.024992804326,3.421694625,"26","17"
"810",101.88642873972,3.421694625,102.024992804326,3.301694625,"27","17"
"811",101.88642873972,3.301694625,102.024992804326,3.181694625,"28","17"
"812",101.88642873972,3.181694625,102.024992804326,3.061694625,"29","17"
"813",101.88642873972,3.061694625,102.024992804326,2.941694625,"30","17"
"814",101.88642873972,2.941694625,102.024992804326,2.821694625,"31","17"
"815",101.88642873972,2.821694625,102.024992804326,2.701694625,"32","17"
"816",101.88642873972,2.701694625,102.024992804326,2.581694625,"33","17"
"817",101.88642873972,2.581694625,102.024992804326,2.461694625,"34","17"
"818",101.88642873972,2.461694625,102.024992804326,2.341694625,"35","17"
"819",101.88642873972,2.341694625,102.024992804326,2.221694625,"36","17"
"832",101.990351788174,6.361694625,102.12891585278,6.241694625,"3","18"
"833",101.990351788174,6.241694625,102.12891585278,6.121694625,"4","18"
"834",101.990351788174,6.121694625,102.12891585278,6.001694625,"5","18"
"835",101.990351788174,6.001694625,102.12891585278,5.881694625,"6","18"
"836",101.990351788174,5.881694625,102.12891585278,5.761694625,"7","18"
"837",101.990351788174,5.761694625,102.12891585278,5.641694625,"8","18"
"838",101.990351788174,5.641694625,102.12891585278,5.521694625,"9","18"
"839",101.990351788174,5.521694625,102.12891585278,5.401694625,"10","18"
"840",101.990351788174,5.401694625,102.12891585278,5.281694625,"11","18"
"841",101.990351788174,5.281694625,102.12891585278,5.161694625,"12","18"
"842",101.990351788174,5.161694625,102.12891585278,5.041694625,"13","18"
"843",101.990351788174,5.041694625,102.12891585278,4.921694625,"14","18"
"844",101.990351788174,4.921694625,102.12891585278,4.801694625,"15","18"
"845",101.990351788174,4.801694625,102.12891585278,4.681694625,"16","18"
"846",101.990351788174,4.681694625,102.12891585278,4.561694625,"17","18"
"847",101.990351788174,4.561694625,102.12891585278,4.441694625,"18","18"
"848",101.990351788174,4.441694625,102.12891585278,4.321694625,"19","18"
"849",101.990351788174,4.321694625,102.12891585278,4.201694625,"20","18"
"850",101.990351788174,4.201694625,102.12891585278,4.081694625,"21","18"
"851",101.990351788174,4.081694625,102.12891585278,3.961694625,"22","18"
"852",101.990351788174,3.961694625,102.12891585278,3.841694625,"23","18"
"853",101.990351788174,3.841694625,102.12891585278,3.721694625,"24","18"
"854",101.990351788174,3.721694625,102.12891585278,3.601694625,"25","18"
"855",101.990351788174,3.601694625,102.12891585278,3.481694625,"26","18"
"856",101.990351788174,3.481694625,102.12891585278,3.361694625,"27","18"
"857",101.990351788174,3.361694625,102.12891585278,3.241694625,"28","18"
"858",101.990351788174,3.241694625,102.12891585278,3.121694625,"29","18"
"859",101.990351788174,3.121694625,102.12891585278,3.001694625,"30","18"
"860",101.990351788174,3.001694625,102.12891585278,2.881694625,"31","18"
"861",101.990351788174,2.881694625,102.12891585278,2.761694625,"32","18"
"862",101.990351788174,2.761694625,102.12891585278,2.641694625,"33","18"
"863",101.990351788174,2.641694625,102.12891585278,2.521694625,"34","18"
"864",101.990351788174,2.521694625,102.12891585278,2.401694625,"35","18"
"865",101.990351788174,2.401694625,102.12891585278,2.281694625,"36","18"
"866",101.990351788174,2.281694625,102.12891585278,2.161694625,"37","18"
"878",102.094274836629,6.301694625,102.232838901234,6.181694625,"3","19"
"879",102.094274836629,6.181694625,102.232838901234,6.061694625,"4","19"
"880",102.094274836629,6.061694625,102.232838901234,5.941694625,"5","19"
"881",102.094274836629,5.941694625,102.232838901234,5.821694625,"6","19"
"882",102.094274836629,5.821694625,102.232838901234,5.701694625,"7","19"
"883",102.094274836629,5.701694625,102.232838901234,5.581694625,"8","19"
"884",102.094274836629,5.581694625,102.232838901234,5.461694625,"9","19"
"885",102.094274836629,5.461694625,102.232838901234,5.341694625,"10","19"
"886",102.094274836629,5.341694625,102.232838901234,5.221694625,"11","19"
"887",102.094274836629,5.221694625,102.232838901234,5.101694625,"12","19"
"888",102.094274836629,5.101694625,102.232838901234,4.981694625,"13","19"
"889",102.094274836629,4.981694625,102.232838901234,4.861694625,"14","19"
"890",102.094274836629,4.861694625,102.232838901234,4.741694625,"15","19"
"891",102.094274836629,4.741694625,102.232838901234,4.621694625,"16","19"
"892",102.094274836629,4.621694625,102.232838901234,4.501694625,"17","19"
"893",102.094274836629,4.501694625,102.232838901234,4.381694625,"18","19"
"894",102.094274836629,4.381694625,102.232838901234,4.261694625,"19","19"
"895",102.094274836629,4.261694625,102.232838901234,4.141694625,"20","19"
"896",102.094274836629,4.141694625,102.232838901234,4.021694625,"21","19"
"897",102.094274836629,4.021694625,102.232838901234,3.901694625,"22","19"
"898",102.094274836629,3.901694625,102.232838901234,3.781694625,"23","19"
"899",102.094274836629,3.781694625,102.232838901234,3.661694625,"24","19"
"900",102.094274836629,3.661694625,102.232838901234,3.541694625,"25","19"
"901",102.094274836629,3.541694625,102.232838901234,3.421694625,"26","19"
"902",102.094274836629,3.421694625,102.232838901234,3.301694625,"27","19"
"903",102.094274836629,3.301694625,102.232838901234,3.181694625,"28","19"
"904",102.094274836629,3.181694625,102.232838901234,3.061694625,"29","19"
"905",102.094274836629,3.061694625,102.232838901234,2.941694625,"30","19"
"906",102.094274836629,2.941694625,102.232838901234,2.821694625,"31","19"
"907",102.094274836629,2.821694625,102.232838901234,2.701694625,"32","19"
"908",102.094274836629,2.701694625,102.232838901234,2.581694625,"33","19"
"909",102.094274836629,2.581694625,102.232838901234,2.461694625,"34","19"
"910",102.094274836629,2.461694625,102.232838901234,2.341694625,"35","19"
"911",102.094274836629,2.341694625,102.232838901234,2.221694625,"36","19"
"912",102.094274836629,2.221694625,102.232838901234,2.101694625,"37","19"
"925",102.198197885083,6.241694625,102.336761949688,6.121694625,"4","20"
"926",102.198197885083,6.121694625,102.336761949688,6.001694625,"5","20"
"927",102.198197885083,6.001694625,102.336761949688,5.881694625,"6","20"
"928",102.198197885083,5.881694625,102.336761949688,5.761694625,"7","20"
"929",102.198197885083,5.761694625,102.336761949688,5.641694625,"8","20"
"930",102.198197885083,5.641694625,102.336761949688,5.521694625,"9","20"
"931",102.198197885083,5.521694625,102.336761949688,5.401694625,"10","20"
"932",102.198197885083,5.401694625,102.336761949688,5.281694625,"11","20"
"933",102.198197885083,5.281694625,102.336761949688,5.161694625,"12","20"
"934",102.198197885083,5.161694625,102.336761949688,5.041694625,"13","20"
"935",102.198197885083,5.041694625,102.336761949688,4.921694625,"14","20"
"936",102.198197885083,4.921694625,102.336761949688,4.801694625,"15","20"
"937",102.198197885083,4.801694625,102.336761949688,4.681694625,"16","20"
"938",102.198197885083,4.681694625,102.336761949688,4.561694625,"17","20"
"939",102.198197885083,4.561694625,102.336761949688,4.441694625,"18","20"
"940",102.198197885083,4.441694625,102.336761949688,4.321694625,"19","20"
"941",102.198197885083,4.321694625,102.336761949688,4.201694625,"20","20"
"942",102.198197885083,4.201694625,102.336761949688,4.081694625,"21","20"
"943",102.198197885083,4.081694625,102.336761949688,3.961694625,"22","20"
"944",102.198197885083,3.961694625,102.336761949688,3.841694625,"23","20"
"945",102.198197885083,3.841694625,102.336761949688,3.721694625,"24","20"
"946",102.198197885083,3.721694625,102.336761949688,3.601694625,"25","20"
"947",102.198197885083,3.601694625,102.336761949688,3.481694625,"26","20"
"948",102.198197885083,3.481694625,102.336761949688,3.361694625,"27","20"
"949",102.198197885083,3.361694625,102.336761949688,3.241694625,"28","20"
"950",102.198197885083,3.241694625,102.336761949688,3.121694625,"29","20"
"951",102.198197885083,3.121694625,102.336761949688,3.001694625,"30","20"
"952",102.198197885083,3.001694625,102.336761949688,2.881694625,"31","20"
"953",102.198197885083,2.881694625,102.336761949688,2.761694625,"32","20"
"954",102.198197885083,2.761694625,102.336761949688,2.641694625,"33","20"
"955",102.198197885083,2.641694625,102.336761949688,2.521694625,"34","20"
"956",102.198197885083,2.521694625,102.336761949688,2.401694625,"35","20"
"957",102.198197885083,2.401694625,102.336761949688,2.281694625,"36","20"
"958",102.198197885083,2.281694625,102.336761949688,2.161694625,"37","20"
"959",102.198197885083,2.161694625,102.336761949688,2.041694625,"38","20"
"970",102.302120933537,6.301694625,102.440684998142,6.181694625,"3","21"
"971",102.302120933537,6.181694625,102.440684998142,6.061694625,"4","21"
"972",102.302120933537,6.061694625,102.440684998142,5.941694625,"5","21"
"973",102.302120933537,5.941694625,102.440684998142,5.821694625,"6","21"
"974",102.302120933537,5.821694625,102.440684998142,5.701694625,"7","21"
"975",102.302120933537,5.701694625,102.440684998142,5.581694625,"8","21"
"976",102.302120933537,5.581694625,102.440684998142,5.461694625,"9","21"
"977",102.302120933537,5.461694625,102.440684998142,5.341694625,"10","21"
"978",102.302120933537,5.341694625,102.440684998142,5.221694625,"11","21"
"979",102.302120933537,5.221694625,102.440684998142,5.101694625,"12","21"
"980",102.302120933537,5.101694625,102.440684998142,4.981694625,"13","21"
"981",102.302120933537,4.981694625,102.440684998142,4.861694625,"14","21"
"982",102.302120933537,4.861694625,102.440684998142,4.741694625,"15","21"
"983",102.302120933537,4.741694625,102.440684998142,4.621694625,"16","21"
"984",102.302120933537,4.621694625,102.440684998142,4.501694625,"17","21"
"985",102.302120933537,4.501694625,102.440684998142,4.381694625,"18","21"
"986",102.302120933537,4.381694625,102.440684998142,4.261694625,"19","21"
"987",102.302120933537,4.261694625,102.440684998142,4.141694625,"20","21"
"988",102.302120933537,4.141694625,102.440684998142,4.021694625,"21","21"
"989",102.302120933537,4.021694625,102.440684998142,3.901694625,"22","21"
"990",102.302120933537,3.901694625,102.440684998142,3.781694625,"23","21"
"991",102.302120933537,3.781694625,102.440684998142,3.661694625,"24","21"
"992",102.302120933537,3.661694625,102.440684998142,3.541694625,"25","21"
"993",102.302120933537,3.541694625,102.440684998142,3.421694625,"26","21"
"994",102.302120933537,3.421694625,102.440684998142,3.301694625,"27","21"
"995",102.302120933537,3.301694625,102.440684998142,3.181694625,"28","21"
"996",102.302120933537,3.181694625,102.440684998142,3.061694625,"29","21"
"997",102.302120933537,3.061694625,102.440684998142,2.941694625,"30","21"
"998",102.302120933537,2.941694625,102.440684998142,2.821694625,"31","21"
"999",102.302120933537,2.821694625,102.440684998142,2.701694625,"32","21"
"1000",102.302120933537,2.701694625,102.440684998142,2.581694625,"33","21"
"1001",102.302120933537,2.581694625,102.440684998142,2.461694625,"34","21"
"1002",102.302120933537,2.461694625,102.440684998142,2.341694625,"35","21"
"1003",102.302120933537,2.341694625,102.440684998142,2.221694625,"36","21"
"1004",102.302120933537,2.221694625,102.440684998142,2.101694625,"37","21"
"1019",102.406043981991,6.001694625,102.544608046596,5.881694625,"6","22"
"1020",102.406043981991,5.881694625,102.544608046596,5.761694625,"7","22"
"1021",102.406043981991,5.761694625,102.544608046596,5.641694625,"8","22"
"1022",102.406043981991,5.641694625,102.544608046596,5.521694625,"9","22"
"1023",102.406043981991,5.521694625,102.544608046596,5.401694625,"10","22"
"1024",102.406043981991,5.401694625,102.544608046596,5.281694625,"11","22"
"1025",102.406043981991,5.281694625,102.544608046596,5.161694625,"12","22"
"1026",102.406043981991,5.161694625,102.544608046596,5.041694625,"13","22"
"1027",102.406043981991,5.041694625,102.544608046596,4.921694625,"14","22"
"1028",102.406043981991,4.921694625,102.544608046596,4.801694625,"15","22"
"1029",102.406043981991,4.801694625,102.544608046596,4.681694625,"16","22"
"1030",102.406043981991,4.681694625,102.544608046596,4.561694625,"17","22"
"1031",102.406043981991,4.561694625,102.544608046596,4.441694625,"18","22"
"1032",102.406043981991,4.441694625,102.544608046596,4.321694625,"19","22"
"1033",102.406043981991,4.321694625,102.544608046596,4.201694625,"20","22"
"1034",102.406043981991,4.201694625,102.544608046596,4.081694625,"21","22"
"1035",102.406043981991,4.081694625,102.544608046596,3.961694625,"22","22"
"1036",102.406043981991,3.961694625,102.544608046596,3.841694625,"23","22"
"1037",102.406043981991,3.841694625,102.544608046596,3.721694625,"24","22"
"1038",102.406043981991,3.721694625,102.544608046596,3.601694625,"25","22"
"1039",102.406043981991,3.601694625,102.544608046596,3.481694625,"26","22"
"1040",102.406043981991,3.481694625,102.544608046596,3.361694625,"27","22"
"1041",102.406043981991,3.361694625,102.544608046596,3.241694625,"28","22"
"1042",102.406043981991,3.241694625,102.544608046596,3.121694625,"29","22"
"1043",102.406043981991,3.121694625,102.544608046596,3.001694625,"30","22"
"1044",102.406043981991,3.001694625,102.544608046596,2.881694625,"31","22"
"1045",102.406043981991,2.881694625,102.544608046596,2.761694625,"32","22"
"1046",102.406043981991,2.761694625,102.544608046596,2.641694625,"33","22"
"1047",102.406043981991,2.641694625,102.544608046596,2.521694625,"34","22"
"1048",102.406043981991,2.521694625,102.544608046596,2.401694625,"35","22"
"1049",102.406043981991,2.401694625,102.544608046596,2.281694625,"36","22"
"1050",102.406043981991,2.281694625,102.544608046596,2.161694625,"37","22"
"1051",102.406043981991,2.161694625,102.544608046596,2.041694625,"38","22"
"1065",102.509967030445,5.941694625,102.648531095051,5.821694625,"6","23"
"1066",102.509967030445,5.821694625,102.648531095051,5.701694625,"7","23"
"1067",102.509967030445,5.701694625,102.648531095051,5.581694625,"8","23"
"1068",102.509967030445,5.581694625,102.648531095051,5.461694625,"9","23"
"1069",102.509967030445,5.461694625,102.648531095051,5.341694625,"10","23"
"1070",102.509967030445,5.341694625,102.648531095051,5.221694625,"11","23"
"1071",102.509967030445,5.221694625,102.648531095051,5.101694625,"12","23"
"1072",102.509967030445,5.101694625,102.648531095051,4.981694625,"13","23"
"1073",102.509967030445,4.981694625,102.648531095051,4.861694625,"14","23"
"1074",102.509967030445,4.861694625,102.648531095051,4.741694625,"15","23"
"1075",102.509967030445,4.741694625,102.648531095051,4.621694625,"16","23"
"1076",102.509967030445,4.621694625,102.648531095051,4.501694625,"17","23"
"1077",102.509967030445,4.501694625,102.648531095051,4.381694625,"18","23"
"1078",102.509967030445,4.381694625,102.648531095051,4.261694625,"19","23"
"1079",102.509967030445,4.261694625,102.648531095051,4.141694625,"20","23"
"1080",102.509967030445,4.141694625,102.648531095051,4.021694625,"21","23"
"1081",102.509967030445,4.021694625,102.648531095051,3.901694625,"22","23"
"1082",102.509967030445,3.901694625,102.648531095051,3.781694625,"23","23"
"1083",102.509967030445,3.781694625,102.648531095051,3.661694625,"24","23"
"1084",102.509967030445,3.661694625,102.648531095051,3.541694625,"25","23"
"1085",102.509967030445,3.541694625,102.648531095051,3.421694625,"26","23"
"1086",102.509967030445,3.421694625,102.648531095051,3.301694625,"27","23"
"1087",102.509967030445,3.301694625,102.648531095051,3.181694625,"28","23"
"1088",102.509967030445,3.181694625,102.648531095051,3.061694625,"29","23"
"1089",102.509967030445,3.061694625,102.648531095051,2.941694625,"30","23"
"1090",102.509967030445,2.941694625,102.648531095051,2.821694625,"31","23"
"1091",102.509967030445,2.821694625,102.648531095051,2.701694625,"32","23"
"1092",102.509967030445,2.701694625,102.648531095051,2.581694625,"33","23"
"1093",102.509967030445,2.581694625,102.648531095051,2.461694625,"34","23"
"1094",102.509967030445,2.461694625,102.648531095051,2.341694625,"35","23"
"1095",102.509967030445,2.341694625,102.648531095051,2.221694625,"36","23"
"1096",102.509967030445,2.221694625,102.648531095051,2.101694625,"37","23"
"1097",102.509967030445,2.101694625,102.648531095051,1.981694625,"38","23"
"1098",102.509967030445,1.981694625,102.648531095051,1.861694625,"39","23"
"1112",102.613890078899,5.881694625,102.752454143505,5.761694625,"7","24"
"1113",102.613890078899,5.761694625,102.752454143505,5.641694625,"8","24"
"1114",102.613890078899,5.641694625,102.752454143505,5.521694625,"9","24"
"1115",102.613890078899,5.521694625,102.752454143505,5.401694625,"10","24"
"1116",102.613890078899,5.401694625,102.752454143505,5.281694625,"11","24"
"1117",102.613890078899,5.281694625,102.752454143505,5.161694625,"12","24"
"1118",102.613890078899,5.161694625,102.752454143505,5.041694625,"13","24"
"1119",102.613890078899,5.041694625,102.752454143505,4.921694625,"14","24"
"1120",102.613890078899,4.921694625,102.752454143505,4.801694625,"15","24"
"1121",102.613890078899,4.801694625,102.752454143505,4.681694625,"16","24"
"1122",102.613890078899,4.681694625,102.752454143505,4.561694625,"17","24"
"1123",102.613890078899,4.561694625,102.752454143505,4.441694625,"18","24"
"1124",102.613890078899,4.441694625,102.752454143505,4.321694625,"19","24"
"1125",102.613890078899,4.321694625,102.752454143505,4.201694625,"20","24"
"1126",102.613890078899,4.201694625,102.752454143505,4.081694625,"21","24"
"1127",102.613890078899,4.081694625,102.752454143505,3.961694625,"22","24"
"1128",102.613890078899,3.961694625,102.752454143505,3.841694625,"23","24"
"1129",102.613890078899,3.841694625,102.752454143505,3.721694625,"24","24"
"1130",102.613890078899,3.721694625,102.752454143505,3.601694625,"25","24"
"1131",102.613890078899,3.601694625,102.752454143505,3.481694625,"26","24"
"1132",102.613890078899,3.481694625,102.752454143505,3.361694625,"27","24"
"1133",102.613890078899,3.361694625,102.752454143505,3.241694625,"28","24"
"1134",102.613890078899,3.241694625,102.752454143505,3.121694625,"29","24"
"1135",102.613890078899,3.121694625,102.752454143505,3.001694625,"30","24"
"1136",102.613890078899,3.001694625,102.752454143505,2.881694625,"31","24"
"1137",102.613890078899,2.881694625,102.752454143505,2.761694625,"32","24"
"1138",102.613890078899,2.761694625,102.752454143505,2.641694625,"33","24"
"1139",102.613890078899,2.641694625,102.752454143505,2.521694625,"34","24"
"1140",102.613890078899,2.521694625,102.752454143505,2.401694625,"35","24"
"1141",102.613890078899,2.401694625,102.752454143505,2.281694625,"36","24"
"1142",102.613890078899,2.281694625,102.752454143505,2.161694625,"37","24"
"1143",102.613890078899,2.161694625,102.752454143505,2.041694625,"38","24"
"1144",102.613890078899,2.041694625,102.752454143505,1.921694625,"39","24"
"1145",102.613890078899,1.921694625,102.752454143505,1.801694625,"40","24"
"1158",102.717813127353,5.821694625,102.856377191959,5.701694625,"7","25"
"1159",102.717813127353,5.701694625,102.856377191959,5.581694625,"8","25"
"1160",102.717813127353,5.581694625,102.856377191959,5.461694625,"9","25"
"1161",102.717813127353,5.461694625,102.856377191959,5.341694625,"10","25"
"1162",102.717813127353,5.341694625,102.856377191959,5.221694625,"11","25"
"1163",102.717813127353,5.221694625,102.856377191959,5.101694625,"12","25"
"1164",102.717813127353,5.101694625,102.856377191959,4.981694625,"13","25"
"1165",102.717813127353,4.981694625,102.856377191959,4.861694625,"14","25"
"1166",102.717813127353,4.861694625,102.856377191959,4.741694625,"15","25"
"1167",102.717813127353,4.741694625,102.856377191959,4.621694625,"16","25"
"1168",102.717813127353,4.621694625,102.856377191959,4.501694625,"17","25"
"1169",102.717813127353,4.501694625,102.856377191959,4.381694625,"18","25"
"1170",102.717813127353,4.381694625,102.856377191959,4.261694625,"19","25"
"1171",102.717813127353,4.261694625,102.856377191959,4.141694625,"20","25"
"1172",102.717813127353,4.141694625,102.856377191959,4.021694625,"21","25"
"1173",102.717813127353,4.021694625,102.856377191959,3.901694625,"22","25"
"1174",102.717813127353,3.901694625,102.856377191959,3.781694625,"23","25"
"1175",102.717813127353,3.781694625,102.856377191959,3.661694625,"24","25"
"1176",102.717813127353,3.661694625,102.856377191959,3.541694625,"25","25"
"1177",102.717813127353,3.541694625,102.856377191959,3.421694625,"26","25"
"1178",102.717813127353,3.421694625,102.856377191959,3.301694625,"27","25"
"1179",102.717813127353,3.301694625,102.856377191959,3.181694625,"28","25"
"1180",102.717813127353,3.181694625,102.856377191959,3.061694625,"29","25"
"1181",102.717813127353,3.061694625,102.856377191959,2.941694625,"30","25"
"1182",102.717813127353,2.941694625,102.856377191959,2.821694625,"31","25"
"1183",102.717813127353,2.821694625,102.856377191959,2.701694625,"32","25"
"1184",102.717813127353,2.701694625,102.856377191959,2.581694625,"33","25"
"1185",102.717813127353,2.581694625,102.856377191959,2.461694625,"34","25"
"1186",102.717813127353,2.461694625,102.856377191959,2.341694625,"35","25"
"1187",102.717813127353,2.341694625,102.856377191959,2.221694625,"36","25"
"1188",102.717813127353,2.221694625,102.856377191959,2.101694625,"37","25"
"1189",102.717813127353,2.101694625,102.856377191959,1.981694625,"38","25"
"1190",102.717813127353,1.981694625,102.856377191959,1.861694625,"39","25"
"1191",102.717813127353,1.861694625,102.856377191959,1.741694625,"40","25"
"1206",102.821736175807,5.641694625,102.960300240413,5.521694625,"9","26"
"1207",102.821736175807,5.521694625,102.960300240413,5.401694625,"10","26"
"1208",102.821736175807,5.401694625,102.960300240413,5.281694625,"11","26"
"1209",102.821736175807,5.281694625,102.960300240413,5.161694625,"12","26"
"1210",102.821736175807,5.161694625,102.960300240413,5.041694625,"13","26"
"1211",102.821736175807,5.041694625,102.960300240413,4.921694625,"14","26"
"1212",102.821736175807,4.921694625,102.960300240413,4.801694625,"15","26"
"1213",102.821736175807,4.801694625,102.960300240413,4.681694625,"16","26"
"1214",102.821736175807,4.681694625,102.960300240413,4.561694625,"17","26"
"1215",102.821736175807,4.561694625,102.960300240413,4.441694625,"18","26"
"1216",102.821736175807,4.441694625,102.960300240413,4.321694625,"19","26"
"1217",102.821736175807,4.321694625,102.960300240413,4.201694625,"20","26"
"1218",102.821736175807,4.201694625,102.960300240413,4.081694625,"21","26"
"1219",102.821736175807,4.081694625,102.960300240413,3.961694625,"22","26"
"1220",102.821736175807,3.961694625,102.960300240413,3.841694625,"23","26"
"1221",102.821736175807,3.841694625,102.960300240413,3.721694625,"24","26"
"1222",102.821736175807,3.721694625,102.960300240413,3.601694625,"25","26"
"1223",102.821736175807,3.601694625,102.960300240413,3.481694625,"26","26"
"1224",102.821736175807,3.481694625,102.960300240413,3.361694625,"27","26"
"1225",102.821736175807,3.361694625,102.960300240413,3.241694625,"28","26"
"1226",102.821736175807,3.241694625,102.960300240413,3.121694625,"29","26"
"1227",102.821736175807,3.121694625,102.960300240413,3.001694625,"30","26"
"1228",102.821736175807,3.001694625,102.960300240413,2.881694625,"31","26"
"1229",102.821736175807,2.881694625,102.960300240413,2.761694625,"32","26"
"1230",102.821736175807,2.761694625,102.960300240413,2.641694625,"33","26"
"1231",102.821736175807,2.641694625,102.960300240413,2.521694625,"34","26"
"1232",102.821736175807,2.521694625,102.960300240413,2.401694625,"35","26"
"1233",102.821736175807,2.401694625,102.960300240413,2.281694625,"36","26"
"1234",102.821736175807,2.281694625,102.960300240413,2.161694625,"37","26"
"1235",102.821736175807,2.161694625,102.960300240413,2.041694625,"38","26"
"1236",102.821736175807,2.041694625,102.960300240413,1.921694625,"39","26"
"1237",102.821736175807,1.921694625,102.960300240413,1.801694625,"40","26"
"1238",102.821736175807,1.801694625,102.960300240413,1.681694625,"41","26"
"1252",102.925659224262,5.581694625,103.064223288867,5.461694625,"9","27"
"1253",102.925659224262,5.461694625,103.064223288867,5.341694625,"10","27"
"1254",102.925659224262,5.341694625,103.064223288867,5.221694625,"11","27"
"1255",102.925659224262,5.221694625,103.064223288867,5.101694625,"12","27"
"1256",102.925659224262,5.101694625,103.064223288867,4.981694625,"13","27"
"1257",102.925659224262,4.981694625,103.064223288867,4.861694625,"14","27"
"1258",102.925659224262,4.861694625,103.064223288867,4.741694625,"15","27"
"1259",102.925659224262,4.741694625,103.064223288867,4.621694625,"16","27"
"1260",102.925659224262,4.621694625,103.064223288867,4.501694625,"17","27"
"1261",102.925659224262,4.501694625,103.064223288867,4.381694625,"18","27"
"1262",102.925659224262,4.381694625,103.064223288867,4.261694625,"19","27"
"1263",102.925659224262,4.261694625,103.064223288867,4.141694625,"20","27"
"1264",102.925659224262,4.141694625,103.064223288867,4.021694625,"21","27"
"1265",102.925659224262,4.021694625,103.064223288867,3.901694625,"22","27"
"1266",102.925659224262,3.901694625,103.064223288867,3.781694625,"23","27"
"1267",102.925659224262,3.781694625,103.064223288867,3.661694625,"24","27"
"1268",102.925659224262,3.661694625,103.064223288867,3.541694625,"25","27"
"1269",102.925659224262,3.541694625,103.064223288867,3.421694625,"26","27"
"1270",102.925659224262,3.421694625,103.064223288867,3.301694625,"27","27"
"1271",102.925659224262,3.301694625,103.064223288867,3.181694625,"28","27"
"1272",102.925659224262,3.181694625,103.064223288867,3.061694625,"29","27"
"1273",102.925659224262,3.061694625,103.064223288867,2.941694625,"30","27"
"1274",102.925659224262,2.941694625,103.064223288867,2.821694625,"31","27"
"1275",102.925659224262,2.821694625,103.064223288867,2.701694625,"32","27"
"1276",102.925659224262,2.701694625,103.064223288867,2.581694625,"33","27"
"1277",102.925659224262,2.581694625,103.064223288867,2.461694625,"34","27"
"1278",102.925659224262,2.461694625,103.064223288867,2.341694625,"35","27"
"1279",102.925659224262,2.341694625,103.064223288867,2.221694625,"36","27"
"1280",102.925659224262,2.221694625,103.064223288867,2.101694625,"37","27"
"1281",102.925659224262,2.101694625,103.064223288867,1.981694625,"38","27"
"1282",102.925659224262,1.981694625,103.064223288867,1.861694625,"39","27"
"1283",102.925659224262,1.861694625,103.064223288867,1.741694625,"40","27"
"1284",102.925659224262,1.741694625,103.064223288867,1.621694625,"41","27"
"1299",103.029582272716,5.521694625,103.168146337321,5.401694625,"10","28"
"1300",103.029582272716,5.401694625,103.168146337321,5.281694625,"11","28"
"1301",103.029582272716,5.281694625,103.168146337321,5.161694625,"12","28"
"1302",103.029582272716,5.161694625,103.168146337321,5.041694625,"13","28"
"1303",103.029582272716,5.041694625,103.168146337321,4.921694625,"14","28"
"1304",103.029582272716,4.921694625,103.168146337321,4.801694625,"15","28"
"1305",103.029582272716,4.801694625,103.168146337321,4.681694625,"16","28"
"1306",103.029582272716,4.681694625,103.168146337321,4.561694625,"17","28"
"1307",103.029582272716,4.561694625,103.168146337321,4.441694625,"18","28"
"1308",103.029582272716,4.441694625,103.168146337321,4.321694625,"19","28"
"1309",103.029582272716,4.321694625,103.168146337321,4.201694625,"20","28"
"1310",103.029582272716,4.201694625,103.168146337321,4.081694625,"21","28"
"1311",103.029582272716,4.081694625,103.168146337321,3.961694625,"22","28"
"1312",103.029582272716,3.961694625,103.168146337321,3.841694625,"23","28"
"1313",103.029582272716,3.841694625,103.168146337321,3.721694625,"24","28"
"1314",103.029582272716,3.721694625,103.168146337321,3.601694625,"25","28"
"1315",103.029582272716,3.601694625,103.168146337321,3.481694625,"26","28"
"1316",103.029582272716,3.481694625,103.168146337321,3.361694625,"27","28"
"1317",103.029582272716,3.361694625,103.168146337321,3.241694625,"28","28"
"1318",103.029582272716,3.241694625,103.168146337321,3.121694625,"29","28"
"1319",103.029582272716,3.121694625,103.168146337321,3.001694625,"30","28"
"1320",103.029582272716,3.001694625,103.168146337321,2.881694625,"31","28"
"1321",103.029582272716,2.881694625,103.168146337321,2.761694625,"32","28"
"1322",103.029582272716,2.761694625,103.168146337321,2.641694625,"33","28"
"1323",103.029582272716,2.641694625,103.168146337321,2.521694625,"34","28"
"1324",103.029582272716,2.521694625,103.168146337321,2.401694625,"35","28"
"1325",103.029582272716,2.401694625,103.168146337321,2.281694625,"36","28"
"1326",103.029582272716,2.281694625,103.168146337321,2.161694625,"37","28"
"1327",103.029582272716,2.161694625,103.168146337321,2.041694625,"38","28"
"1328",103.029582272716,2.041694625,103.168146337321,1.921694625,"39","28"
"1329",103.029582272716,1.921694625,103.168146337321,1.801694625,"40","28"
"1330",103.029582272716,1.801694625,103.168146337321,1.681694625,"41","28"
"1331",103.029582272716,1.681694625,103.168146337321,1.561694625,"42","28"
"1346",103.13350532117,5.341694625,103.272069385775,5.221694625,"11","29"
"1347",103.13350532117,5.221694625,103.272069385775,5.101694625,"12","29"
"1348",103.13350532117,5.101694625,103.272069385775,4.981694625,"13","29"
"1349",103.13350532117,4.981694625,103.272069385775,4.861694625,"14","29"
"1350",103.13350532117,4.861694625,103.272069385775,4.741694625,"15","29"
"1351",103.13350532117,4.741694625,103.272069385775,4.621694625,"16","29"
"1352",103.13350532117,4.621694625,103.272069385775,4.501694625,"17","29"
"1353",103.13350532117,4.501694625,103.272069385775,4.381694625,"18","29"
"1354",103.13350532117,4.381694625,103.272069385775,4.261694625,"19","29"
"1355",103.13350532117,4.261694625,103.272069385775,4.141694625,"20","29"
"1356",103.13350532117,4.141694625,103.272069385775,4.021694625,"21","29"
"1357",103.13350532117,4.021694625,103.272069385775,3.901694625,"22","29"
"1358",103.13350532117,3.901694625,103.272069385775,3.781694625,"23","29"
"1359",103.13350532117,3.781694625,103.272069385775,3.661694625,"24","29"
"1360",103.13350532117,3.661694625,103.272069385775,3.541694625,"25","29"
"1361",103.13350532117,3.541694625,103.272069385775,3.421694625,"26","29"
"1362",103.13350532117,3.421694625,103.272069385775,3.301694625,"27","29"
"1363",103.13350532117,3.301694625,103.272069385775,3.181694625,"28","29"
"1364",103.13350532117,3.181694625,103.272069385775,3.061694625,"29","29"
"1365",103.13350532117,3.061694625,103.272069385775,2.941694625,"30","29"
"1366",103.13350532117,2.941694625,103.272069385775,2.821694625,"31","29"
"1367",103.13350532117,2.821694625,103.272069385775,2.701694625,"32","29"
"1368",103.13350532117,2.701694625,103.272069385775,2.581694625,"33","29"
"1369",103.13350532117,2.581694625,103.272069385775,2.461694625,"34","29"
"1370",103.13350532117,2.461694625,103.272069385775,2.341694625,"35","29"
"1371",103.13350532117,2.341694625,103.272069385775,2.221694625,"36","29"
"1372",103.13350532117,2.221694625,103.272069385775,2.101694625,"37","29"
"1373",103.13350532117,2.101694625,103.272069385775,1.981694625,"38","29"
"1374",103.13350532117,1.981694625,103.272069385775,1.861694625,"39","29"
"1375",103.13350532117,1.861694625,103.272069385775,1.741694625,"40","29"
"1376",103.13350532117,1.741694625,103.272069385775,1.621694625,"41","29"
"1377",103.13350532117,1.621694625,103.272069385775,1.501694625,"42","29"
"1394",103.237428369624,5.161694625,103.375992434229,5.041694625,"13","30"
"1395",103.237428369624,5.041694625,103.375992434229,4.921694625,"14","30"
"1396",103.237428369624,4.921694625,103.375992434229,4.801694625,"15","30"
"1397",103.237428369624,4.801694625,103.375992434229,4.681694625,"16","30"
"1398",103.237428369624,4.681694625,103.375992434229,4.561694625,"17","30"
"1399",103.237428369624,4.561694625,103.375992434229,4.441694625,"18","30"
"1400",103.237428369624,4.441694625,103.375992434229,4.321694625,"19","30"
"1401",103.237428369624,4.321694625,103.375992434229,4.201694625,"20","30"
"1402",103.237428369624,4.201694625,103.375992434229,4.081694625,"21","30"
"1403",103.237428369624,4.081694625,103.375992434229,3.961694625,"22","30"
"1404",103.237428369624,3.961694625,103.375992434229,3.841694625,"23","30"
"1405",103.237428369624,3.841694625,103.375992434229,3.721694625,"24","30"
"1406",103.237428369624,3.721694625,103.375992434229,3.601694625,"25","30"
"1407",103.237428369624,3.601694625,103.375992434229,3.481694625,"26","30"
"1408",103.237428369624,3.481694625,103.375992434229,3.361694625,"27","30"
"1409",103.237428369624,3.361694625,103.375992434229,3.241694625,"28","30"
"1410",103.237428369624,3.241694625,103.375992434229,3.121694625,"29","30"
"1411",103.237428369624,3.121694625,103.375992434229,3.001694625,"30","30"
"1412",103.237428369624,3.001694625,103.375992434229,2.881694625,"31","30"
"1413",103.237428369624,2.881694625,103.375992434229,2.761694625,"32","30"
"1414",103.237428369624,2.761694625,103.375992434229,2.641694625,"33","30"
"1415",103.237428369624,2.641694625,103.375992434229,2.521694625,"34","30"
"1416",103.237428369624,2.521694625,103.375992434229,2.401694625,"35","30"
"1417",103.237428369624,2.401694625,103.375992434229,2.281694625,"36","30"
"1418",103.237428369624,2.281694625,103.375992434229,2.161694625,"37","30"
"1419",103.237428369624,2.161694625,103.375992434229,2.041694625,"38","30"
"1420",103.237428369624,2.041694625,103.375992434229,1.921694625,"39","30"
"1421",103.237428369624,1.921694625,103.375992434229,1.801694625,"40","30"
"1422",103.237428369624,1.801694625,103.375992434229,1.681694625,"41","30"
"1423",103.237428369624,1.681694625,103.375992434229,1.561694625,"42","30"
"1424",103.237428369624,1.561694625,103.375992434229,1.441694625,"43","30"
"1441",103.341351418078,4.981694625,103.479915482684,4.861694625,"14","31"
"1442",103.341351418078,4.861694625,103.479915482684,4.741694625,"15","31"
"1443",103.341351418078,4.741694625,103.479915482684,4.621694625,"16","31"
"1444",103.341351418078,4.621694625,103.479915482684,4.501694625,"17","31"
"1445",103.341351418078,4.501694625,103.479915482684,4.381694625,"18","31"
"1446",103.341351418078,4.381694625,103.479915482684,4.261694625,"19","31"
"1447",103.341351418078,4.261694625,103.479915482684,4.141694625,"20","31"
"1448",103.341351418078,4.141694625,103.479915482684,4.021694625,"21","31"
"1449",103.341351418078,4.021694625,103.479915482684,3.901694625,"22","31"
"1450",103.341351418078,3.901694625,103.479915482684,3.781694625,"23","31"
"1451",103.341351418078,3.781694625,103.479915482684,3.661694625,"24","31"
"1452",103.341351418078,3.661694625,103.479915482684,3.541694625,"25","31"
"1453",103.341351418078,3.541694625,103.479915482684,3.421694625,"26","31"
"1454",103.341351418078,3.421694625,103.479915482684,3.301694625,"27","31"
"1455",103.341351418078,3.301694625,103.479915482684,3.181694625,"28","31"
"1456",103.341351418078,3.181694625,103.479915482684,3.061694625,"29","31"
"1457",103.341351418078,3.061694625,103.479915482684,2.941694625,"30","31"
"1458",103.341351418078,2.941694625,103.479915482684,2.821694625,"31","31"
"1459",103.341351418078,2.821694625,103.479915482684,2.701694625,"32","31"
"1460",103.341351418078,2.701694625,103.479915482684,2.581694625,"33","31"
"1461",103.341351418078,2.581694625,103.479915482684,2.461694625,"34","31"
"1462",103.341351418078,2.461694625,103.479915482684,2.341694625,"35","31"
"1463",103.341351418078,2.341694625,103.479915482684,2.221694625,"36","31"
"1464",103.341351418078,2.221694625,103.479915482684,2.101694625,"37","31"
"1465",103.341351418078,2.101694625,103.479915482684,1.981694625,"38","31"
"1466",103.341351418078,1.981694625,103.479915482684,1.861694625,"39","31"
"1467",103.341351418078,1.861694625,103.479915482684,1.741694625,"40","31"
"1468",103.341351418078,1.741694625,103.479915482684,1.621694625,"41","31"
"1469",103.341351418078,1.621694625,103.479915482684,1.501694625,"42","31"
"1470",103.341351418078,1.501694625,103.479915482684,1.381694625,"43","31"
"1471",103.341351418078,1.381694625,103.479915482684,1.261694625,"44","31"
"1489",103.445274466532,4.801694625,103.583838531138,4.681694625,"16","32"
"1490",103.445274466532,4.681694625,103.583838531138,4.561694625,"17","32"
"1491",103.445274466532,4.561694625,103.583838531138,4.441694625,"18","32"
"1492",103.445274466532,4.441694625,103.583838531138,4.321694625,"19","32"
"1493",103.445274466532,4.321694625,103.583838531138,4.201694625,"20","32"
"1502",103.445274466532,3.241694625,103.583838531138,3.121694625,"29","32"
"1503",103.445274466532,3.121694625,103.583838531138,3.001694625,"30","32"
"1504",103.445274466532,3.001694625,103.583838531138,2.881694625,"31","32"
"1505",103.445274466532,2.881694625,103.583838531138,2.761694625,"32","32"
"1506",103.445274466532,2.761694625,103.583838531138,2.641694625,"33","32"
"1507",103.445274466532,2.641694625,103.583838531138,2.521694625,"34","32"
"1508",103.445274466532,2.521694625,103.583838531138,2.401694625,"35","32"
"1509",103.445274466532,2.401694625,103.583838531138,2.281694625,"36","32"
"1510",103.445274466532,2.281694625,103.583838531138,2.161694625,"37","32"
"1511",103.445274466532,2.161694625,103.583838531138,2.041694625,"38","32"
"1512",103.445274466532,2.041694625,103.583838531138,1.921694625,"39","32"
"1513",103.445274466532,1.921694625,103.583838531138,1.801694625,"40","32"
"1514",103.445274466532,1.801694625,103.583838531138,1.681694625,"41","32"
"1515",103.445274466532,1.681694625,103.583838531138,1.561694625,"42","32"
"1516",103.445274466532,1.561694625,103.583838531138,1.441694625,"43","32"
"1517",103.445274466532,1.441694625,103.583838531138,1.321694625,"44","32"
"1518",103.445274466532,1.321694625,103.583838531138,1.201694625,"45","32"
"1551",103.549197514986,2.821694625,103.687761579592,2.701694625,"32","33"
"1552",103.549197514986,2.701694625,103.687761579592,2.581694625,"33","33"
"1553",103.549197514986,2.581694625,103.687761579592,2.461694625,"34","33"
"1554",103.549197514986,2.461694625,103.687761579592,2.341694625,"35","33"
"1555",103.549197514986,2.341694625,103.687761579592,2.221694625,"36","33"
"1556",103.549197514986,2.221694625,103.687761579592,2.101694625,"37","33"
"1557",103.549197514986,2.101694625,103.687761579592,1.981694625,"38","33"
"1558",103.549197514986,1.981694625,103.687761579592,1.861694625,"39","33"
"1559",103.549197514986,1.861694625,103.687761579592,1.741694625,"40","33"
"1560",103.549197514986,1.741694625,103.687761579592,1.621694625,"41","33"
"1561",103.549197514986,1.621694625,103.687761579592,1.501694625,"42","33"
"1562",103.549197514986,1.501694625,103.687761579592,1.381694625,"43","33"
"1563",103.549197514986,1.381694625,103.687761579592,1.261694625,"44","33"
"1598",103.653120563441,2.761694625,103.791684628046,2.641694625,"33","34"
"1599",103.653120563441,2.641694625,103.791684628046,2.521694625,"34","34"
"1600",103.653120563441,2.521694625,103.791684628046,2.401694625,"35","34"
"1601",103.653120563441,2.401694625,103.791684628046,2.281694625,"36","34"
"1602",103.653120563441,2.281694625,103.791684628046,2.161694625,"37","34"
"1603",103.653120563441,2.161694625,103.791684628046,2.041694625,"38","34"
"1604",103.653120563441,2.041694625,103.791684628046,1.921694625,"39","34"
"1605",103.653120563441,1.921694625,103.791684628046,1.801694625,"40","34"
"1606",103.653120563441,1.801694625,103.791684628046,1.681694625,"41","34"
"1607",103.653120563441,1.681694625,103.791684628046,1.561694625,"42","34"
"1608",103.653120563441,1.561694625,103.791684628046,1.441694625,"43","34"
"1645",103.757043611895,2.581694625,103.8956076765,2.461694625,"34","35"
"1646",103.757043611895,2.461694625,103.8956076765,2.341694625,"35","35"
"1647",103.757043611895,2.341694625,103.8956076765,2.221694625,"36","35"
"1648",103.757043611895,2.221694625,103.8956076765,2.101694625,"37","35"
"1649",103.757043611895,2.101694625,103.8956076765,1.981694625,"38","35"
"1650",103.757043611895,1.981694625,103.8956076765,1.861694625,"39","35"
"1651",103.757043611895,1.861694625,103.8956076765,1.741694625,"40","35"
"1652",103.757043611895,1.741694625,103.8956076765,1.621694625,"41","35"
"1653",103.757043611895,1.621694625,103.8956076765,1.501694625,"42","35"
"1654",103.757043611895,1.501694625,103.8956076765,1.381694625,"43","35"
"1693",103.860966660349,2.401694625,103.999530724954,2.281694625,"36","36"
"1694",103.860966660349,2.281694625,103.999530724954,2.161694625,"37","36"
"1695",103.860966660349,2.161694625,103.999530724954,2.041694625,"38","36"
"1696",103.860966660349,2.041694625,103.999530724954,1.921694625,"39","36"
"1697",103.860966660349,1.921694625,103.999530724954,1.801694625,"40","36"
"1698",103.860966660349,1.801694625,103.999530724954,1.681694625,"41","36"
"1699",103.860966660349,1.681694625,103.999530724954,1.561694625,"42","36"
"1700",103.860966660349,1.561694625,103.999530724954,1.441694625,"43","36"
"1701",103.860966660349,1.441694625,103.999530724954,1.321694625,"44","36"
"1740",103.964889708803,2.221694625,104.103453773408,2.101694625,"37","37"
"1741",103.964889708803,2.101694625,104.103453773408,1.981694625,"38","37"
"1742",103.964889708803,1.981694625,104.103453773408,1.861694625,"39","37"
"1743",103.964889708803,1.861694625,104.103453773408,1.741694625,"40","37"
"1744",103.964889708803,1.741694625,104.103453773408,1.621694625,"41","37"
"1745",103.964889708803,1.621694625,104.103453773408,1.501694625,"42","37"
"1746",103.964889708803,1.501694625,104.103453773408,1.381694625,"43","37"
"1788",104.068812757257,2.041694625,104.207376821863,1.921694625,"39","38"
"1789",104.068812757257,1.921694625,104.207376821863,1.801694625,"40","38"
"1790",104.068812757257,1.801694625,104.207376821863,1.681694625,"41","38"
"1791",104.068812757257,1.681694625,104.207376821863,1.561694625,"42","38"
"1792",104.068812757257,1.561694625,104.207376821863,1.441694625,"43","38"
"1793",104.068812757257,1.441694625,104.207376821863,1.321694625,"44","38"
"1835",104.172735805711,1.861694625,104.311299870317,1.741694625,"40","39"
"1836",104.172735805711,1.741694625,104.311299870317,1.621694625,"41","39"
"1837",104.172735805711,1.621694625,104.311299870317,1.501694625,"42","39"
"1838",104.172735805711,1.501694625,104.311299870317,1.381694625,"43","39"
"1839",104.172735805711,1.381694625,104.311299870317,1.261694625,"44","39"
"1884",104.276658854165,1.561694625,104.415222918771,1.441694625,"43","40"
"1885",104.276658854165,1.441694625,104.415222918771,1.321694625,"44","40"
