"id","left","top","right","bottom","row_index","col_index","API_18"
1,100.119736916,6.721694625,100.258300980606,6.601694625,0,0,32.9849717318229
2,100.119736916,6.601694625,100.258300980606,6.481694625,1,0,32.8078468323668
3,100.119736916,6.481694625,100.258300980606,6.361694625,2,0,32.7954148876649
4,100.119736916,6.361694625,100.258300980606,6.241694625,3,0,32.9020008735815
5,100.119736916,6.241694625,100.258300980606,6.121694625,4,0,NA
11,100.119736916,5.521694625,100.258300980606,5.401694625,10,0,NA
12,100.119736916,5.401694625,100.258300980606,5.281694625,11,0,35.2599314627811
13,100.119736916,5.281694625,100.258300980606,5.161694625,12,0,NA
47,100.223659964454,6.661694625,100.36222402906,6.541694625,0,1,32.9425959134335
48,100.223659964454,6.541694625,100.36222402906,6.421694625,1,1,32.8100949834669
49,100.223659964454,6.421694625,100.36222402906,6.301694625,2,1,32.8147478261152
50,100.223659964454,6.301694625,100.36222402906,6.181694625,3,1,32.9128822057813
51,100.223659964454,6.181694625,100.36222402906,6.061694625,4,1,NA
52,100.223659964454,6.061694625,100.36222402906,5.941694625,5,1,NA
53,100.223659964454,5.941694625,100.36222402906,5.821694625,6,1,NA
54,100.223659964454,5.821694625,100.36222402906,5.701694625,7,1,NA
55,100.223659964454,5.701694625,100.36222402906,5.581694625,8,1,NA
56,100.223659964454,5.581694625,100.36222402906,5.461694625,9,1,NA
57,100.223659964454,5.461694625,100.36222402906,5.341694625,10,1,35.5190043594875
58,100.223659964454,5.341694625,100.36222402906,5.221694625,11,1,35.7150686354849
60,100.223659964454,5.101694625,100.36222402906,4.981694625,13,1,NA
94,100.327583012908,6.601694625,100.466147077514,6.481694625,1,2,32.9814166171964
95,100.327583012908,6.481694625,100.466147077514,6.361694625,2,2,32.9003754384188
96,100.327583012908,6.361694625,100.466147077514,6.241694625,3,2,32.9000045291366
97,100.327583012908,6.241694625,100.466147077514,6.121694625,4,2,32.9801277701079
98,100.327583012908,6.121694625,100.466147077514,6.001694625,5,2,33.4214737795681
99,100.327583012908,6.001694625,100.466147077514,5.881694625,6,2,33.9055143893171
100,100.327583012908,5.881694625,100.466147077514,5.761694625,7,2,34.2600398184189
101,100.327583012908,5.761694625,100.466147077514,5.641694625,8,2,34.806601880273
102,100.327583012908,5.641694625,100.466147077514,5.521694625,9,2,35.3622106743166
103,100.327583012908,5.521694625,100.466147077514,5.401694625,10,2,35.8338407432612
104,100.327583012908,5.401694625,100.466147077514,5.281694625,11,2,35.9780933264454
105,100.327583012908,5.281694625,100.466147077514,5.161694625,12,2,NA
106,100.327583012908,5.161694625,100.466147077514,5.041694625,13,2,36.3602024000804
107,100.327583012908,5.041694625,100.466147077514,4.921694625,14,2,36.4993517641546
140,100.431506061362,6.541694625,100.570070125968,6.421694625,1,3,33.05124021825
141,100.431506061362,6.421694625,100.570070125968,6.301694625,2,3,33.1142699752945
142,100.431506061362,6.301694625,100.570070125968,6.181694625,3,3,33.1160296873516
143,100.431506061362,6.181694625,100.570070125968,6.061694625,4,3,33.396840202129
144,100.431506061362,6.061694625,100.570070125968,5.941694625,5,3,33.7447582305027
145,100.431506061362,5.941694625,100.570070125968,5.821694625,6,3,34.1934745404794
146,100.431506061362,5.821694625,100.570070125968,5.701694625,7,3,34.782248691297
147,100.431506061362,5.701694625,100.570070125968,5.581694625,8,3,35.1294753842752
148,100.431506061362,5.581694625,100.570070125968,5.461694625,9,3,35.5970791430014
149,100.431506061362,5.461694625,100.570070125968,5.341694625,10,3,35.998906688658
150,100.431506061362,5.341694625,100.570070125968,5.221694625,11,3,36.2111426116508
151,100.431506061362,5.221694625,100.570070125968,5.101694625,12,3,36.5402946545467
152,100.431506061362,5.101694625,100.570070125968,4.981694625,13,3,36.8183847655433
153,100.431506061362,4.981694625,100.570070125968,4.861694625,14,3,36.9333048893517
154,100.431506061362,4.861694625,100.570070125968,4.741694625,15,3,NA
186,100.535429109817,6.601694625,100.673993174422,6.481694625,1,4,NA
187,100.535429109817,6.481694625,100.673993174422,6.361694625,2,4,33.212709430063
188,100.535429109817,6.361694625,100.673993174422,6.241694625,3,4,33.3403743489648
189,100.535429109817,6.241694625,100.673993174422,6.121694625,4,4,33.4544745735814
190,100.535429109817,6.121694625,100.673993174422,6.001694625,5,4,33.5558653542903
191,100.535429109817,6.001694625,100.673993174422,5.881694625,6,4,34.1671779509744
192,100.535429109817,5.881694625,100.673993174422,5.761694625,7,4,34.5022310852854
193,100.535429109817,5.761694625,100.673993174422,5.641694625,8,4,34.8290537151902
194,100.535429109817,5.641694625,100.673993174422,5.521694625,9,4,35.4359626109977
195,100.535429109817,5.521694625,100.673993174422,5.401694625,10,4,35.6656200852977
196,100.535429109817,5.401694625,100.673993174422,5.281694625,11,4,36.1425692074523
197,100.535429109817,5.281694625,100.673993174422,5.161694625,12,4,36.7286621549421
198,100.535429109817,5.161694625,100.673993174422,5.041694625,13,4,37.0274862962736
199,100.535429109817,5.041694625,100.673993174422,4.921694625,14,4,37.2080556898688
200,100.535429109817,4.921694625,100.673993174422,4.801694625,15,4,37.4842518550985
201,100.535429109817,4.801694625,100.673993174422,4.681694625,16,4,37.5181889030624
202,100.535429109817,4.681694625,100.673993174422,4.561694625,17,4,NA
203,100.535429109817,4.561694625,100.673993174422,4.441694625,18,4,36.5459968436519
204,100.535429109817,4.441694625,100.673993174422,4.321694625,19,4,36.080449369892
205,100.535429109817,4.321694625,100.673993174422,4.201694625,20,4,NA
206,100.535429109817,4.201694625,100.673993174422,4.081694625,21,4,NA
208,100.535429109817,3.961694625,100.673993174422,3.841694625,23,4,NA
232,100.639352158271,6.541694625,100.777916222876,6.421694625,1,5,33.4691920113594
233,100.639352158271,6.421694625,100.777916222876,6.301694625,2,5,33.4707763801174
234,100.639352158271,6.301694625,100.777916222876,6.181694625,3,5,33.6120632286097
235,100.639352158271,6.181694625,100.777916222876,6.061694625,4,5,33.7881635451373
236,100.639352158271,6.061694625,100.777916222876,5.941694625,5,5,34.0016738183854
237,100.639352158271,5.941694625,100.777916222876,5.821694625,6,5,34.3246215795173
238,100.639352158271,5.821694625,100.777916222876,5.701694625,7,5,34.9008399616998
239,100.639352158271,5.701694625,100.777916222876,5.581694625,8,5,35.2121819824232
240,100.639352158271,5.581694625,100.777916222876,5.461694625,9,5,35.710672753363
241,100.639352158271,5.461694625,100.777916222876,5.341694625,10,5,36.1514770362415
242,100.639352158271,5.341694625,100.777916222876,5.221694625,11,5,36.5299537165022
243,100.639352158271,5.221694625,100.777916222876,5.101694625,12,5,37.1506072178014
244,100.639352158271,5.101694625,100.777916222876,4.981694625,13,5,37.5498765818659
245,100.639352158271,4.981694625,100.777916222876,4.861694625,14,5,37.7914473024211
246,100.639352158271,4.861694625,100.777916222876,4.741694625,15,5,37.8378080140087
247,100.639352158271,4.741694625,100.777916222876,4.621694625,16,5,37.3898429818445
248,100.639352158271,4.621694625,100.777916222876,4.501694625,17,5,37.040844548251
249,100.639352158271,4.501694625,100.777916222876,4.381694625,18,5,36.4080000323656
250,100.639352158271,4.381694625,100.777916222876,4.261694625,19,5,35.6384890838783
251,100.639352158271,4.261694625,100.777916222876,4.141694625,20,5,35.2465239368281
252,100.639352158271,4.141694625,100.777916222876,4.021694625,21,5,34.839580790248
253,100.639352158271,4.021694625,100.777916222876,3.901694625,22,5,34.592527402028
254,100.639352158271,3.901694625,100.777916222876,3.781694625,23,5,NA
279,100.743275206725,6.481694625,100.88183927133,6.361694625,2,6,33.7295184975155
280,100.743275206725,6.361694625,100.88183927133,6.241694625,3,6,33.7803889821793
281,100.743275206725,6.241694625,100.88183927133,6.121694625,4,6,33.7933942423013
282,100.743275206725,6.121694625,100.88183927133,6.001694625,5,6,34.0998305475251
283,100.743275206725,6.001694625,100.88183927133,5.881694625,6,6,34.4318592028423
284,100.743275206725,5.881694625,100.88183927133,5.761694625,7,6,34.66409314657
285,100.743275206725,5.761694625,100.88183927133,5.641694625,8,6,35.1652223824277
286,100.743275206725,5.641694625,100.88183927133,5.521694625,9,6,35.6422098173287
287,100.743275206725,5.521694625,100.88183927133,5.401694625,10,6,35.9778022753694
288,100.743275206725,5.401694625,100.88183927133,5.281694625,11,6,36.5191151756657
289,100.743275206725,5.281694625,100.88183927133,5.161694625,12,6,37.0802128362598
290,100.743275206725,5.161694625,100.88183927133,5.041694625,13,6,37.4536273784031
291,100.743275206725,5.041694625,100.88183927133,4.921694625,14,6,37.9081563332829
292,100.743275206725,4.921694625,100.88183927133,4.801694625,15,6,38.0688851464763
293,100.743275206725,4.801694625,100.88183927133,4.681694625,16,6,37.9528656605359
294,100.743275206725,4.681694625,100.88183927133,4.561694625,17,6,37.4950686938853
295,100.743275206725,4.561694625,100.88183927133,4.441694625,18,6,36.7768231282901
296,100.743275206725,4.441694625,100.88183927133,4.321694625,19,6,36.2308423599737
297,100.743275206725,4.321694625,100.88183927133,4.201694625,20,6,35.5234794100554
298,100.743275206725,4.201694625,100.88183927133,4.081694625,21,6,34.9894602817163
299,100.743275206725,4.081694625,100.88183927133,3.961694625,22,6,34.7627362605845
300,100.743275206725,3.961694625,100.88183927133,3.841694625,23,6,34.6375490214008
301,100.743275206725,3.841694625,100.88183927133,3.721694625,24,6,NA
325,100.847198255179,6.421694625,100.985762319784,6.301694625,2,7,NA
326,100.847198255179,6.301694625,100.985762319784,6.181694625,3,7,33.9777399811259
327,100.847198255179,6.181694625,100.985762319784,6.061694625,4,7,34.1393670348318
328,100.847198255179,6.061694625,100.985762319784,5.941694625,5,7,34.3111826008224
329,100.847198255179,5.941694625,100.985762319784,5.821694625,6,7,34.6639521250418
330,100.847198255179,5.821694625,100.985762319784,5.701694625,7,7,35.0846313075679
331,100.847198255179,5.701694625,100.985762319784,5.581694625,8,7,35.3938846071753
332,100.847198255179,5.581694625,100.985762319784,5.461694625,9,7,35.8862551905464
333,100.847198255179,5.461694625,100.985762319784,5.341694625,10,7,36.4065980535775
334,100.847198255179,5.341694625,100.985762319784,5.221694625,11,7,36.7718522164453
335,100.847198255179,5.221694625,100.985762319784,5.101694625,12,7,37.3371251606575
336,100.847198255179,5.101694625,100.985762319784,4.981694625,13,7,37.8469818833738
337,100.847198255179,4.981694625,100.985762319784,4.861694625,14,7,38.0689227431382
338,100.847198255179,4.861694625,100.985762319784,4.741694625,15,7,38.1325454611984
339,100.847198255179,4.741694625,100.985762319784,4.621694625,16,7,37.8781064865346
340,100.847198255179,4.621694625,100.985762319784,4.501694625,17,7,37.452122845377
341,100.847198255179,4.501694625,100.985762319784,4.381694625,18,7,36.5905255174116
342,100.847198255179,4.381694625,100.985762319784,4.261694625,19,7,35.7830883292872
343,100.847198255179,4.261694625,100.985762319784,4.141694625,20,7,35.3476812366619
344,100.847198255179,4.141694625,100.985762319784,4.021694625,21,7,34.8993541092024
345,100.847198255179,4.021694625,100.985762319784,3.901694625,22,7,34.6835142733278
346,100.847198255179,3.901694625,100.985762319784,3.781694625,23,7,34.703821766566
347,100.847198255179,3.781694625,100.985762319784,3.661694625,24,7,34.8368908636753
348,100.847198255179,3.661694625,100.985762319784,3.541694625,25,7,NA
372,100.951121303633,6.361694625,101.089685368239,6.241694625,3,8,34.0787495922777
373,100.951121303633,6.241694625,101.089685368239,6.121694625,4,8,34.152957798861
374,100.951121303633,6.121694625,101.089685368239,6.001694625,5,8,34.3394317531432
375,100.951121303633,6.001694625,101.089685368239,5.881694625,6,8,34.6247350692592
376,100.951121303633,5.881694625,101.089685368239,5.761694625,7,8,NA
377,100.951121303633,5.761694625,101.089685368239,5.641694625,8,8,35.2985124900471
378,100.951121303633,5.641694625,101.089685368239,5.521694625,9,8,35.7661966848048
379,100.951121303633,5.521694625,101.089685368239,5.401694625,10,8,36.09716161391
380,100.951121303633,5.401694625,101.089685368239,5.281694625,11,8,36.6232686906321
381,100.951121303633,5.281694625,101.089685368239,5.161694625,12,8,37.1791120663358
382,100.951121303633,5.161694625,101.089685368239,5.041694625,13,8,37.5463806181505
383,100.951121303633,5.041694625,101.089685368239,4.921694625,14,8,37.9613565488791
384,100.951121303633,4.921694625,101.089685368239,4.801694625,15,8,38.1987266682193
385,100.951121303633,4.801694625,101.089685368239,4.681694625,16,8,38.2088195076818
386,100.951121303633,4.681694625,101.089685368239,4.561694625,17,8,37.8194060106325
387,100.951121303633,4.561694625,101.089685368239,4.441694625,18,8,36.9311861832446
388,100.951121303633,4.441694625,101.089685368239,4.321694625,19,8,36.3152397013422
389,100.951121303633,4.321694625,101.089685368239,4.201694625,20,8,35.5490021940721
390,100.951121303633,4.201694625,101.089685368239,4.081694625,21,8,34.9792028526708
391,100.951121303633,4.081694625,101.089685368239,3.961694625,22,8,34.7645550012519
392,100.951121303633,3.961694625,101.089685368239,3.841694625,23,8,34.6942477010562
393,100.951121303633,3.841694625,101.089685368239,3.721694625,24,8,34.8790335697355
394,100.951121303633,3.721694625,101.089685368239,3.601694625,25,8,35.1651971377264
395,100.951121303633,3.601694625,101.089685368239,3.481694625,26,8,35.5601872668861
418,101.055044352087,6.301694625,101.193608416693,6.181694625,3,9,NA
419,101.055044352087,6.181694625,101.193608416693,6.061694625,4,9,NA
420,101.055044352087,6.061694625,101.193608416693,5.941694625,5,9,NA
423,101.055044352087,5.701694625,101.193608416693,5.581694625,8,9,35.4798095106125
424,101.055044352087,5.581694625,101.193608416693,5.461694625,9,9,35.9437475595389
425,101.055044352087,5.461694625,101.193608416693,5.341694625,10,9,36.44336748245
426,101.055044352087,5.341694625,101.193608416693,5.221694625,11,9,36.8007789839298
427,101.055044352087,5.221694625,101.193608416693,5.101694625,12,9,37.3446079069855
428,101.055044352087,5.101694625,101.193608416693,4.981694625,13,9,37.8009802742432
429,101.055044352087,4.981694625,101.193608416693,4.861694625,14,9,38.0119617450832
430,101.055044352087,4.861694625,101.193608416693,4.741694625,15,9,38.1684834511117
431,101.055044352087,4.741694625,101.193608416693,4.621694625,16,9,38.0665632901735
432,101.055044352087,4.621694625,101.193608416693,4.501694625,17,9,37.540420947453
433,101.055044352087,4.501694625,101.193608416693,4.381694625,18,9,36.5452963881927
434,101.055044352087,4.381694625,101.193608416693,4.261694625,19,9,35.689567727553
435,101.055044352087,4.261694625,101.193608416693,4.141694625,20,9,35.2353205693707
436,101.055044352087,4.141694625,101.193608416693,4.021694625,21,9,34.7916589527971
437,101.055044352087,4.021694625,101.193608416693,3.901694625,22,9,34.5983628644432
438,101.055044352087,3.901694625,101.193608416693,3.781694625,23,9,34.6503802507783
439,101.055044352087,3.781694625,101.193608416693,3.661694625,24,9,35.022315639772
440,101.055044352087,3.661694625,101.193608416693,3.541694625,25,9,35.6721006147917
441,101.055044352087,3.541694625,101.193608416693,3.421694625,26,9,36.2536260563554
442,101.055044352087,3.421694625,101.193608416693,3.301694625,27,9,NA
469,101.158967400541,5.761694625,101.297531465147,5.641694625,8,10,NA
470,101.158967400541,5.641694625,101.297531465147,5.521694625,9,10,35.72941151889
471,101.158967400541,5.521694625,101.297531465147,5.401694625,10,10,36.0366790787265
472,101.158967400541,5.401694625,101.297531465147,5.281694625,11,10,36.5840917268287
473,101.158967400541,5.281694625,101.297531465147,5.161694625,12,10,37.0752231248965
474,101.158967400541,5.161694625,101.297531465147,5.041694625,13,10,37.3839105771319
475,101.158967400541,5.041694625,101.297531465147,4.921694625,14,10,37.7875924088081
476,101.158967400541,4.921694625,101.297531465147,4.801694625,15,10,37.8344919692449
477,101.158967400541,4.801694625,101.297531465147,4.681694625,16,10,37.7622911434638
478,101.158967400541,4.681694625,101.297531465147,4.561694625,17,10,37.4655658556554
479,101.158967400541,4.561694625,101.297531465147,4.441694625,18,10,36.4891268239251
480,101.158967400541,4.441694625,101.297531465147,4.321694625,19,10,35.9396943452543
481,101.158967400541,4.321694625,101.297531465147,4.201694625,20,10,35.314433601578
482,101.158967400541,4.201694625,101.297531465147,4.081694625,21,10,34.6836963721732
483,101.158967400541,4.081694625,101.297531465147,3.961694625,22,10,34.4546602836084
484,101.158967400541,3.961694625,101.297531465147,3.841694625,23,10,34.4788910458364
485,101.158967400541,3.841694625,101.297531465147,3.721694625,24,10,34.6355987132528
486,101.158967400541,3.721694625,101.297531465147,3.601694625,25,10,35.1004828527442
487,101.158967400541,3.601694625,101.297531465147,3.481694625,26,10,36.0797376699466
488,101.158967400541,3.481694625,101.297531465147,3.361694625,27,10,37.3839067519265
489,101.158967400541,3.361694625,101.297531465147,3.241694625,28,10,38.6593919915628
491,101.158967400541,3.121694625,101.297531465147,3.001694625,30,10,40.6535069669826
492,101.158967400541,3.001694625,101.297531465147,2.881694625,31,10,40.6198511601683
493,101.158967400541,2.881694625,101.297531465147,2.761694625,32,10,NA
514,101.262890448995,5.821694625,101.401454513601,5.701694625,7,11,35.1103547016967
515,101.262890448995,5.701694625,101.401454513601,5.581694625,8,11,35.3803519282798
516,101.262890448995,5.581694625,101.401454513601,5.461694625,9,11,35.5957445976763
517,101.262890448995,5.461694625,101.401454513601,5.341694625,10,11,36.2703750226098
518,101.262890448995,5.341694625,101.401454513601,5.221694625,11,11,36.6139349439357
519,101.262890448995,5.221694625,101.401454513601,5.101694625,12,11,36.8881540760701
520,101.262890448995,5.101694625,101.401454513601,4.981694625,13,11,37.4448656039529
521,101.262890448995,4.981694625,101.401454513601,4.861694625,14,11,37.5511167552315
522,101.262890448995,4.861694625,101.401454513601,4.741694625,15,11,37.4002286451152
523,101.262890448995,4.741694625,101.401454513601,4.621694625,16,11,37.1166982110884
524,101.262890448995,4.621694625,101.401454513601,4.501694625,17,11,36.6768137400299
525,101.262890448995,4.501694625,101.401454513601,4.381694625,18,11,35.7984863825472
526,101.262890448995,4.381694625,101.401454513601,4.261694625,19,11,35.2284474255666
527,101.262890448995,4.261694625,101.401454513601,4.141694625,20,11,34.8315669377361
528,101.262890448995,4.141694625,101.401454513601,4.021694625,21,11,34.2858285623464
529,101.262890448995,4.021694625,101.401454513601,3.901694625,22,11,34.1186811164084
530,101.262890448995,3.901694625,101.401454513601,3.781694625,23,11,34.1260498381835
531,101.262890448995,3.781694625,101.401454513601,3.661694625,24,11,34.5357996124489
532,101.262890448995,3.661694625,101.401454513601,3.541694625,25,11,35.7641923107399
533,101.262890448995,3.541694625,101.401454513601,3.421694625,26,11,36.7196133583796
534,101.262890448995,3.421694625,101.401454513601,3.301694625,27,11,38.6245103652841
535,101.262890448995,3.301694625,101.401454513601,3.181694625,28,11,40.0365955292301
536,101.262890448995,3.181694625,101.401454513601,3.061694625,29,11,41.3101605996133
537,101.262890448995,3.061694625,101.401454513601,2.941694625,30,11,41.4142936095723
538,101.262890448995,2.941694625,101.401454513601,2.821694625,31,11,40.6512394738979
539,101.262890448995,2.821694625,101.401454513601,2.701694625,32,11,NA
560,101.36681349745,5.881694625,101.505377562055,5.761694625,7,12,34.8372813545495
561,101.36681349745,5.761694625,101.505377562055,5.641694625,8,12,35.1151054686666
562,101.36681349745,5.641694625,101.505377562055,5.521694625,9,12,35.4645878043015
563,101.36681349745,5.521694625,101.505377562055,5.401694625,10,12,35.8195121261401
564,101.36681349745,5.401694625,101.505377562055,5.281694625,11,12,36.2235484585281
565,101.36681349745,5.281694625,101.505377562055,5.161694625,12,12,36.7093609067177
566,101.36681349745,5.161694625,101.505377562055,5.041694625,13,12,37.0582220209383
567,101.36681349745,5.041694625,101.505377562055,4.921694625,14,12,37.1304142405636
568,101.36681349745,4.921694625,101.505377562055,4.801694625,15,12,37.0932238156957
569,101.36681349745,4.801694625,101.505377562055,4.681694625,16,12,37.0701419049321
570,101.36681349745,4.681694625,101.505377562055,4.561694625,17,12,36.3726736302672
571,101.36681349745,4.561694625,101.505377562055,4.441694625,18,12,35.7454242446932
572,101.36681349745,4.441694625,101.505377562055,4.321694625,19,12,35.3272288148616
573,101.36681349745,4.321694625,101.505377562055,4.201694625,20,12,34.7418853111902
574,101.36681349745,4.201694625,101.505377562055,4.081694625,21,12,34.243564644085
575,101.36681349745,4.081694625,101.505377562055,3.961694625,22,12,33.9808690368888
576,101.36681349745,3.961694625,101.505377562055,3.841694625,23,12,33.7214108405528
577,101.36681349745,3.841694625,101.505377562055,3.721694625,24,12,33.7816251702933
578,101.36681349745,3.721694625,101.505377562055,3.601694625,25,12,34.6143988247705
579,101.36681349745,3.601694625,101.505377562055,3.481694625,26,12,36.3636963185345
580,101.36681349745,3.481694625,101.505377562055,3.361694625,27,12,38.3144058433476
581,101.36681349745,3.361694625,101.505377562055,3.241694625,28,12,39.7053846358726
582,101.36681349745,3.241694625,101.505377562055,3.121694625,29,12,41.5828278465436
583,101.36681349745,3.121694625,101.505377562055,3.001694625,30,12,42.110898570475
584,101.36681349745,3.001694625,101.505377562055,2.881694625,31,12,41.7848456170944
585,101.36681349745,2.881694625,101.505377562055,2.761694625,32,12,40.9838608662665
586,101.36681349745,2.761694625,101.505377562055,2.641694625,33,12,NA
605,101.470736545904,5.941694625,101.609300610509,5.821694625,6,13,34.7364716739686
606,101.470736545904,5.821694625,101.609300610509,5.701694625,7,13,34.8886817530436
607,101.470736545904,5.701694625,101.609300610509,5.581694625,8,13,35.0767958911756
608,101.470736545904,5.581694625,101.609300610509,5.461694625,9,13,35.4452740545902
609,101.470736545904,5.461694625,101.609300610509,5.341694625,10,13,35.8781524419174
610,101.470736545904,5.341694625,101.609300610509,5.221694625,11,13,36.1922898058544
611,101.470736545904,5.221694625,101.609300610509,5.101694625,12,13,36.6035547511623
612,101.470736545904,5.101694625,101.609300610509,4.981694625,13,13,36.840579341146
613,101.470736545904,4.981694625,101.609300610509,4.861694625,14,13,36.8691673419083
614,101.470736545904,4.861694625,101.609300610509,4.741694625,15,13,36.6888185864544
615,101.470736545904,4.741694625,101.609300610509,4.621694625,16,13,36.2667383989398
616,101.470736545904,4.621694625,101.609300610509,4.501694625,17,13,35.8830676008538
617,101.470736545904,4.501694625,101.609300610509,4.381694625,18,13,35.3113177098331
618,101.470736545904,4.381694625,101.609300610509,4.261694625,19,13,34.7441896712051
619,101.470736545904,4.261694625,101.609300610509,4.141694625,20,13,34.4116104592631
620,101.470736545904,4.141694625,101.609300610509,4.021694625,21,13,33.992609814664
621,101.470736545904,4.021694625,101.609300610509,3.901694625,22,13,33.6813785072121
622,101.470736545904,3.901694625,101.609300610509,3.781694625,23,13,33.575512638302
623,101.470736545904,3.781694625,101.609300610509,3.661694625,24,13,34.1331429386177
624,101.470736545904,3.661694625,101.609300610509,3.541694625,25,13,35.7716797411655
625,101.470736545904,3.541694625,101.609300610509,3.421694625,26,13,37.0694846309782
626,101.470736545904,3.421694625,101.609300610509,3.301694625,27,13,39.1901060043248
627,101.470736545904,3.301694625,101.609300610509,3.181694625,28,13,41.3219520674956
628,101.470736545904,3.181694625,101.609300610509,3.061694625,29,13,42.1256586529782
629,101.470736545904,3.061694625,101.609300610509,2.941694625,30,13,42.0273940768005
630,101.470736545904,2.941694625,101.609300610509,2.821694625,31,13,41.3727369632116
631,101.470736545904,2.821694625,101.609300610509,2.701694625,32,13,40.6929830924182
632,101.470736545904,2.701694625,101.609300610509,2.581694625,33,13,40.0270085475761
651,101.574659594358,6.001694625,101.713223658963,5.881694625,6,14,NA
652,101.574659594358,5.881694625,101.713223658963,5.761694625,7,14,34.6184496336643
653,101.574659594358,5.761694625,101.713223658963,5.641694625,8,14,34.8340938191942
654,101.574659594358,5.641694625,101.713223658963,5.521694625,9,14,35.1361912250549
655,101.574659594358,5.521694625,101.713223658963,5.401694625,10,14,35.3897497646059
656,101.574659594358,5.401694625,101.713223658963,5.281694625,11,14,35.8224864514349
657,101.574659594358,5.281694625,101.713223658963,5.161694625,12,14,36.2525519082049
658,101.574659594358,5.161694625,101.713223658963,5.041694625,13,14,36.4528573074341
659,101.574659594358,5.041694625,101.713223658963,4.921694625,14,14,36.5703819098195
660,101.574659594358,4.921694625,101.713223658963,4.801694625,15,14,36.4947449326621
661,101.574659594358,4.801694625,101.713223658963,4.681694625,16,14,36.3032214862473
662,101.574659594358,4.681694625,101.713223658963,4.561694625,17,14,35.8275631665607
663,101.574659594358,4.561694625,101.713223658963,4.441694625,18,14,35.2948138598003
664,101.574659594358,4.441694625,101.713223658963,4.321694625,19,14,34.9405917602877
665,101.574659594358,4.321694625,101.713223658963,4.201694625,20,14,34.4524033740394
666,101.574659594358,4.201694625,101.713223658963,4.081694625,21,14,34.0357304062245
667,101.574659594358,4.081694625,101.713223658963,3.961694625,22,14,33.8274472119124
668,101.574659594358,3.961694625,101.713223658963,3.841694625,23,14,33.7218247412879
669,101.574659594358,3.841694625,101.713223658963,3.721694625,24,14,34.050255755019
670,101.574659594358,3.721694625,101.713223658963,3.601694625,25,14,34.7860594086213
671,101.574659594358,3.601694625,101.713223658963,3.481694625,26,14,36.4577060222616
672,101.574659594358,3.481694625,101.713223658963,3.361694625,27,14,38.4287856982592
673,101.574659594358,3.361694625,101.713223658963,3.241694625,28,14,39.8332275003296
674,101.574659594358,3.241694625,101.713223658963,3.121694625,29,14,41.4447061987571
675,101.574659594358,3.121694625,101.713223658963,3.001694625,30,14,41.8906173432511
676,101.574659594358,3.001694625,101.713223658963,2.881694625,31,14,41.6666475322095
677,101.574659594358,2.881694625,101.713223658963,2.761694625,32,14,40.8825957176402
678,101.574659594358,2.761694625,101.713223658963,2.641694625,33,14,39.8799539924696
679,101.574659594358,2.641694625,101.713223658963,2.521694625,34,14,NA
698,101.678582642812,5.821694625,101.817146707418,5.701694625,7,15,34.5996705652075
699,101.678582642812,5.701694625,101.817146707418,5.581694625,8,15,34.7501653577069
700,101.678582642812,5.581694625,101.817146707418,5.461694625,9,15,35.0651833528878
701,101.678582642812,5.461694625,101.817146707418,5.341694625,10,15,35.453617459472
702,101.678582642812,5.341694625,101.817146707418,5.221694625,11,15,35.7340888656599
703,101.678582642812,5.221694625,101.817146707418,5.101694625,12,15,36.0886755302985
704,101.678582642812,5.101694625,101.817146707418,4.981694625,13,15,36.28478165336
705,101.678582642812,4.981694625,101.817146707418,4.861694625,14,15,36.2992772016575
706,101.678582642812,4.861694625,101.817146707418,4.741694625,15,15,36.1392896646845
707,101.678582642812,4.741694625,101.817146707418,4.621694625,16,15,35.7808615184169
708,101.678582642812,4.621694625,101.817146707418,4.501694625,17,15,35.4438069298341
709,101.678582642812,4.501694625,101.817146707418,4.381694625,18,15,34.9541896387961
710,101.678582642812,4.381694625,101.817146707418,4.261694625,19,15,34.5022604044581
711,101.678582642812,4.261694625,101.817146707418,4.141694625,20,15,34.2299007550161
712,101.678582642812,4.141694625,101.817146707418,4.021694625,21,15,33.9017497262655
713,101.678582642812,4.021694625,101.817146707418,3.901694625,22,15,33.7656066342634
714,101.678582642812,3.901694625,101.817146707418,3.781694625,23,15,33.8938507652105
715,101.678582642812,3.781694625,101.817146707418,3.661694625,24,15,34.5994507551998
716,101.678582642812,3.661694625,101.817146707418,3.541694625,25,15,35.8600800506716
717,101.678582642812,3.541694625,101.817146707418,3.421694625,26,15,36.9879552703987
718,101.678582642812,3.421694625,101.817146707418,3.301694625,27,15,38.8631786410154
719,101.678582642812,3.301694625,101.817146707418,3.181694625,28,15,40.6066074820521
720,101.678582642812,3.181694625,101.817146707418,3.061694625,29,15,41.2205959279328
721,101.678582642812,3.061694625,101.817146707418,2.941694625,30,15,41.3027493274671
722,101.678582642812,2.941694625,101.817146707418,2.821694625,31,15,40.867010939325
723,101.678582642812,2.821694625,101.817146707418,2.701694625,32,15,40.2398700279255
724,101.678582642812,2.701694625,101.817146707418,2.581694625,33,15,39.2479074002125
725,101.678582642812,2.581694625,101.817146707418,2.461694625,34,15,NA
744,101.782505691266,5.881694625,101.921069755872,5.761694625,7,16,34.3021756788469
745,101.782505691266,5.761694625,101.921069755872,5.641694625,8,16,34.527493180648
746,101.782505691266,5.641694625,101.921069755872,5.521694625,9,16,34.7676219748624
747,101.782505691266,5.521694625,101.921069755872,5.401694625,10,16,34.904183975781
748,101.782505691266,5.401694625,101.921069755872,5.281694625,11,16,35.3706796351777
749,101.782505691266,5.281694625,101.921069755872,5.161694625,12,16,35.7429946465159
750,101.782505691266,5.161694625,101.921069755872,5.041694625,13,16,35.8058625702275
751,101.782505691266,5.041694625,101.921069755872,4.921694625,14,16,36.0371083713655
752,101.782505691266,4.921694625,101.921069755872,4.801694625,15,16,35.9756658622672
753,101.782505691266,4.801694625,101.921069755872,4.681694625,16,16,35.6899674214585
754,101.782505691266,4.681694625,101.921069755872,4.561694625,17,16,35.4030528407178
755,101.782505691266,4.561694625,101.921069755872,4.441694625,18,16,34.8677517984658
756,101.782505691266,4.441694625,101.921069755872,4.321694625,19,16,34.6350605611646
757,101.782505691266,4.321694625,101.921069755872,4.201694625,20,16,34.3116955698688
758,101.782505691266,4.201694625,101.921069755872,4.081694625,21,16,33.8836199011539
759,101.782505691266,4.081694625,101.921069755872,3.961694625,22,16,33.7342859926946
760,101.782505691266,3.961694625,101.921069755872,3.841694625,23,16,33.8681489690001
761,101.782505691266,3.841694625,101.921069755872,3.721694625,24,16,34.3035591110495
762,101.782505691266,3.721694625,101.921069755872,3.601694625,25,16,34.8975045786286
763,101.782505691266,3.601694625,101.921069755872,3.481694625,26,16,36.2977330805338
764,101.782505691266,3.481694625,101.921069755872,3.361694625,27,16,37.7170128309876
765,101.782505691266,3.361694625,101.921069755872,3.241694625,28,16,38.7068994714081
766,101.782505691266,3.241694625,101.921069755872,3.121694625,29,16,40.1604826702914
767,101.782505691266,3.121694625,101.921069755872,3.001694625,30,16,40.2442448643345
768,101.782505691266,3.001694625,101.921069755872,2.881694625,31,16,40.1869159831777
769,101.782505691266,2.881694625,101.921069755872,2.761694625,32,16,39.9950234021201
770,101.782505691266,2.761694625,101.921069755872,2.641694625,33,16,38.9232405569392
771,101.782505691266,2.641694625,101.921069755872,2.521694625,34,16,38.4580171626041
772,101.782505691266,2.521694625,101.921069755872,2.401694625,35,16,38.1504679770062
773,101.782505691266,2.401694625,101.921069755872,2.281694625,36,16,NA
788,101.88642873972,6.061694625,102.024992804326,5.941694625,5,17,NA
789,101.88642873972,5.941694625,102.024992804326,5.821694625,6,17,34.181119447236
790,101.88642873972,5.821694625,102.024992804326,5.701694625,7,17,34.3023823082039
791,101.88642873972,5.701694625,102.024992804326,5.581694625,8,17,34.3960475276378
792,101.88642873972,5.581694625,102.024992804326,5.461694625,9,17,34.5432872029025
793,101.88642873972,5.461694625,102.024992804326,5.341694625,10,17,34.9593822248252
794,101.88642873972,5.341694625,102.024992804326,5.221694625,11,17,35.1783131251354
795,101.88642873972,5.221694625,102.024992804326,5.101694625,12,17,35.3873063825269
796,101.88642873972,5.101694625,102.024992804326,4.981694625,13,17,35.6472828254347
797,101.88642873972,4.981694625,102.024992804326,4.861694625,14,17,35.6553799284217
798,101.88642873972,4.861694625,102.024992804326,4.741694625,15,17,35.5840939079466
799,101.88642873972,4.741694625,102.024992804326,4.621694625,16,17,35.2167788667822
800,101.88642873972,4.621694625,102.024992804326,4.501694625,17,17,34.9494756486951
801,101.88642873972,4.501694625,102.024992804326,4.381694625,18,17,34.5843474549986
802,101.88642873972,4.381694625,102.024992804326,4.261694625,19,17,34.3288464014309
803,101.88642873972,4.261694625,102.024992804326,4.141694625,20,17,34.0170205456718
804,101.88642873972,4.141694625,102.024992804326,4.021694625,21,17,33.6222394734979
805,101.88642873972,4.021694625,102.024992804326,3.901694625,22,17,33.6060646052943
806,101.88642873972,3.901694625,102.024992804326,3.781694625,23,17,33.8060824499958
807,101.88642873972,3.781694625,102.024992804326,3.661694625,24,17,34.0928383536602
808,101.88642873972,3.661694625,102.024992804326,3.541694625,25,17,35.497866462007
809,101.88642873972,3.541694625,102.024992804326,3.421694625,26,17,36.3812678655563
810,101.88642873972,3.421694625,102.024992804326,3.301694625,27,17,37.4630809945955
811,101.88642873972,3.301694625,102.024992804326,3.181694625,28,17,38.8189799768084
812,101.88642873972,3.181694625,102.024992804326,3.061694625,29,17,39.2730849177593
813,101.88642873972,3.061694625,102.024992804326,2.941694625,30,17,39.0671523564583
814,101.88642873972,2.941694625,102.024992804326,2.821694625,31,17,39.1379519394966
815,101.88642873972,2.821694625,102.024992804326,2.701694625,32,17,38.7734417814192
816,101.88642873972,2.701694625,102.024992804326,2.581694625,33,17,38.0167325384395
817,101.88642873972,2.581694625,102.024992804326,2.461694625,34,17,37.7951413911102
818,101.88642873972,2.461694625,102.024992804326,2.341694625,35,17,37.3916227599942
819,101.88642873972,2.341694625,102.024992804326,2.221694625,36,17,NA
832,101.990351788174,6.361694625,102.12891585278,6.241694625,3,18,NA
833,101.990351788174,6.241694625,102.12891585278,6.121694625,4,18,33.9679558150024
834,101.990351788174,6.121694625,102.12891585278,6.001694625,5,18,33.9993189279658
835,101.990351788174,6.001694625,102.12891585278,5.881694625,6,18,34.0832213507232
836,101.990351788174,5.881694625,102.12891585278,5.761694625,7,18,34.1635795311931
837,101.990351788174,5.761694625,102.12891585278,5.641694625,8,18,34.1587718114581
838,101.990351788174,5.641694625,102.12891585278,5.521694625,9,18,34.310719927257
839,101.990351788174,5.521694625,102.12891585278,5.401694625,10,18,34.5681042348524
840,101.990351788174,5.401694625,102.12891585278,5.281694625,11,18,34.7548048346564
841,101.990351788174,5.281694625,102.12891585278,5.161694625,12,18,35.0087685125381
842,101.990351788174,5.161694625,102.12891585278,5.041694625,13,18,35.2903734634139
843,101.990351788174,5.041694625,102.12891585278,4.921694625,14,18,35.2332922963322
844,101.990351788174,4.921694625,102.12891585278,4.801694625,15,18,35.1697869248346
845,101.990351788174,4.801694625,102.12891585278,4.681694625,16,18,35.1731739474465
846,101.990351788174,4.681694625,102.12891585278,4.561694625,17,18,34.7167247023168
847,101.990351788174,4.561694625,102.12891585278,4.441694625,18,18,34.3242700384544
848,101.990351788174,4.441694625,102.12891585278,4.321694625,19,18,34.2253913096654
849,101.990351788174,4.321694625,102.12891585278,4.201694625,20,18,33.6861852915043
850,101.990351788174,4.201694625,102.12891585278,4.081694625,21,18,33.3006183515257
851,101.990351788174,4.081694625,102.12891585278,3.961694625,22,18,33.3316920012355
852,101.990351788174,3.961694625,102.12891585278,3.841694625,23,18,33.3512158214342
853,101.990351788174,3.841694625,102.12891585278,3.721694625,24,18,33.8503213082225
854,101.990351788174,3.721694625,102.12891585278,3.601694625,25,18,34.5248699689552
855,101.990351788174,3.601694625,102.12891585278,3.481694625,26,18,35.4840649901076
856,101.990351788174,3.481694625,102.12891585278,3.361694625,27,18,36.6209815553006
857,101.990351788174,3.361694625,102.12891585278,3.241694625,28,18,37.2925540277403
858,101.990351788174,3.241694625,102.12891585278,3.121694625,29,18,38.0341867925757
859,101.990351788174,3.121694625,102.12891585278,3.001694625,30,18,38.7655444213974
860,101.990351788174,3.001694625,102.12891585278,2.881694625,31,18,38.4555797613772
861,101.990351788174,2.881694625,102.12891585278,2.761694625,32,18,38.2494553308228
862,101.990351788174,2.761694625,102.12891585278,2.641694625,33,18,38.1286074883032
863,101.990351788174,2.641694625,102.12891585278,2.521694625,34,18,37.6854343805644
864,101.990351788174,2.521694625,102.12891585278,2.401694625,35,18,37.2208619640679
865,101.990351788174,2.401694625,102.12891585278,2.281694625,36,18,36.7615178988025
866,101.990351788174,2.281694625,102.12891585278,2.161694625,37,18,NA
878,102.094274836629,6.301694625,102.232838901234,6.181694625,3,19,33.8199295079124
879,102.094274836629,6.181694625,102.232838901234,6.061694625,4,19,33.8323373691947
880,102.094274836629,6.061694625,102.232838901234,5.941694625,5,19,33.8745326642274
881,102.094274836629,5.941694625,102.232838901234,5.821694625,6,19,33.9528333346404
882,102.094274836629,5.821694625,102.232838901234,5.701694625,7,19,33.9855599330085
883,102.094274836629,5.701694625,102.232838901234,5.581694625,8,19,34.0464649078117
884,102.094274836629,5.581694625,102.232838901234,5.461694625,9,19,34.2364469498476
885,102.094274836629,5.461694625,102.232838901234,5.341694625,10,19,34.4723235701382
886,102.094274836629,5.341694625,102.232838901234,5.221694625,11,19,34.6190799999229
887,102.094274836629,5.221694625,102.232838901234,5.101694625,12,19,34.8090649721738
888,102.094274836629,5.101694625,102.232838901234,4.981694625,13,19,34.9423734255129
889,102.094274836629,4.981694625,102.232838901234,4.861694625,14,19,34.9477602849309
890,102.094274836629,4.861694625,102.232838901234,4.741694625,15,19,34.8251986385501
891,102.094274836629,4.741694625,102.232838901234,4.621694625,16,19,34.5718878496229
892,102.094274836629,4.621694625,102.232838901234,4.501694625,17,19,34.3255496632244
893,102.094274836629,4.501694625,102.232838901234,4.381694625,18,19,33.891411141039
894,102.094274836629,4.381694625,102.232838901234,4.261694625,19,19,33.4367515954346
895,102.094274836629,4.261694625,102.232838901234,4.141694625,20,19,33.1466363169891
896,102.094274836629,4.141694625,102.232838901234,4.021694625,21,19,32.8491869089823
897,102.094274836629,4.021694625,102.232838901234,3.901694625,22,19,32.8911525159023
898,102.094274836629,3.901694625,102.232838901234,3.781694625,23,19,33.1687820579178
899,102.094274836629,3.781694625,102.232838901234,3.661694625,24,19,33.8645256384888
900,102.094274836629,3.661694625,102.232838901234,3.541694625,25,19,34.8180957465013
901,102.094274836629,3.541694625,102.232838901234,3.421694625,26,19,35.5190572668665
902,102.094274836629,3.421694625,102.232838901234,3.301694625,27,19,36.4724404108043
903,102.094274836629,3.301694625,102.232838901234,3.181694625,28,19,37.2477031394987
904,102.094274836629,3.181694625,102.232838901234,3.061694625,29,19,37.6038853259087
905,102.094274836629,3.061694625,102.232838901234,2.941694625,30,19,37.8607555738187
906,102.094274836629,2.941694625,102.232838901234,2.821694625,31,19,37.8595222596024
907,102.094274836629,2.821694625,102.232838901234,2.701694625,32,19,37.7443940833121
908,102.094274836629,2.701694625,102.232838901234,2.581694625,33,19,37.4402346699709
909,102.094274836629,2.581694625,102.232838901234,2.461694625,34,19,37.0003652124661
910,102.094274836629,2.461694625,102.232838901234,2.341694625,35,19,36.7459988697136
911,102.094274836629,2.341694625,102.232838901234,2.221694625,36,19,36.2310767237689
912,102.094274836629,2.221694625,102.232838901234,2.101694625,37,19,NA
925,102.198197885083,6.241694625,102.336761949688,6.121694625,4,20,33.7056713782911
926,102.198197885083,6.121694625,102.336761949688,6.001694625,5,20,33.7050529196441
927,102.198197885083,6.001694625,102.336761949688,5.881694625,6,20,33.7425353491485
928,102.198197885083,5.881694625,102.336761949688,5.761694625,7,20,33.7776492992429
929,102.198197885083,5.761694625,102.336761949688,5.641694625,8,20,33.8604068086543
930,102.198197885083,5.641694625,102.336761949688,5.521694625,9,20,34.0120123264284
931,102.198197885083,5.521694625,102.336761949688,5.401694625,10,20,34.1475118054493
932,102.198197885083,5.401694625,102.336761949688,5.281694625,11,20,34.3395053729532
933,102.198197885083,5.281694625,102.336761949688,5.161694625,12,20,34.5035299379227
934,102.198197885083,5.161694625,102.336761949688,5.041694625,13,20,34.5902538890548
935,102.198197885083,5.041694625,102.336761949688,4.921694625,14,20,34.6614444766545
936,102.198197885083,4.921694625,102.336761949688,4.801694625,15,20,34.613024239607
937,102.198197885083,4.801694625,102.336761949688,4.681694625,16,20,34.4931104301292
938,102.198197885083,4.681694625,102.336761949688,4.561694625,17,20,34.1882968115732
939,102.198197885083,4.561694625,102.336761949688,4.441694625,18,20,33.7770646763872
940,102.198197885083,4.441694625,102.336761949688,4.321694625,19,20,33.452526110491
941,102.198197885083,4.321694625,102.336761949688,4.201694625,20,20,32.9513978008657
942,102.198197885083,4.201694625,102.336761949688,4.081694625,21,20,32.5060944148276
943,102.198197885083,4.081694625,102.336761949688,3.961694625,22,20,32.3505716093274
944,102.198197885083,3.961694625,102.336761949688,3.841694625,23,20,32.6959861084735
945,102.198197885083,3.841694625,102.336761949688,3.721694625,24,20,33.3443283243327
946,102.198197885083,3.721694625,102.336761949688,3.601694625,25,20,33.90798623371
947,102.198197885083,3.601694625,102.336761949688,3.481694625,26,20,34.8624841719228
948,102.198197885083,3.481694625,102.336761949688,3.361694625,27,20,35.7613455848108
949,102.198197885083,3.361694625,102.336761949688,3.241694625,28,20,36.27629306443
950,102.198197885083,3.241694625,102.336761949688,3.121694625,29,20,36.8696816329856
951,102.198197885083,3.121694625,102.336761949688,3.001694625,30,20,37.2532947034442
952,102.198197885083,3.001694625,102.336761949688,2.881694625,31,20,37.3668738533357
953,102.198197885083,2.881694625,102.336761949688,2.761694625,32,20,37.3465099751694
954,102.198197885083,2.761694625,102.336761949688,2.641694625,33,20,37.1574045731529
955,102.198197885083,2.641694625,102.336761949688,2.521694625,34,20,36.9253195842883
956,102.198197885083,2.521694625,102.336761949688,2.401694625,35,20,36.4707857903975
957,102.198197885083,2.401694625,102.336761949688,2.281694625,36,20,36.0021998029656
958,102.198197885083,2.281694625,102.336761949688,2.161694625,37,20,35.468573433528
959,102.198197885083,2.161694625,102.336761949688,2.041694625,38,20,NA
970,102.302120933537,6.301694625,102.440684998142,6.181694625,3,21,NA
971,102.302120933537,6.181694625,102.440684998142,6.061694625,4,21,33.5892645715519
972,102.302120933537,6.061694625,102.440684998142,5.941694625,5,21,33.5605678159116
973,102.302120933537,5.941694625,102.440684998142,5.821694625,6,21,33.5715215232858
974,102.302120933537,5.821694625,102.440684998142,5.701694625,7,21,33.6548152084993
975,102.302120933537,5.701694625,102.440684998142,5.581694625,8,21,33.7467428050191
976,102.302120933537,5.581694625,102.440684998142,5.461694625,9,21,33.9235771302631
977,102.302120933537,5.461694625,102.440684998142,5.341694625,10,21,34.0964108004451
978,102.302120933537,5.341694625,102.440684998142,5.221694625,11,21,34.1892441902483
979,102.302120933537,5.221694625,102.440684998142,5.101694625,12,21,34.2962653543247
980,102.302120933537,5.101694625,102.440684998142,4.981694625,13,21,34.3726322207867
981,102.302120933537,4.981694625,102.440684998142,4.861694625,14,21,34.3876274572084
982,102.302120933537,4.861694625,102.440684998142,4.741694625,15,21,34.2847704379847
983,102.302120933537,4.741694625,102.440684998142,4.621694625,16,21,34.057568811411
984,102.302120933537,4.621694625,102.440684998142,4.501694625,17,21,33.8284650890376
985,102.302120933537,4.501694625,102.440684998142,4.381694625,18,21,33.385447472299
986,102.302120933537,4.381694625,102.440684998142,4.261694625,19,21,32.8822271010725
987,102.302120933537,4.261694625,102.440684998142,4.141694625,20,21,32.5465398806332
988,102.302120933537,4.141694625,102.440684998142,4.021694625,21,21,32.1002144829754
989,102.302120933537,4.021694625,102.440684998142,3.901694625,22,21,32.2356873170273
990,102.302120933537,3.901694625,102.440684998142,3.781694625,23,21,32.6792470862373
991,102.302120933537,3.781694625,102.440684998142,3.661694625,24,21,33.4298346900637
992,102.302120933537,3.661694625,102.440684998142,3.541694625,25,21,34.2970419034692
993,102.302120933537,3.541694625,102.440684998142,3.421694625,26,21,34.8669960040521
994,102.302120933537,3.421694625,102.440684998142,3.301694625,27,21,35.6000571592672
995,102.302120933537,3.301694625,102.440684998142,3.181694625,28,21,36.2091093342528
996,102.302120933537,3.181694625,102.440684998142,3.061694625,29,21,36.5107663302035
997,102.302120933537,3.061694625,102.440684998142,2.941694625,30,21,36.7890632811198
998,102.302120933537,2.941694625,102.440684998142,2.821694625,31,21,36.9025876988027
999,102.302120933537,2.821694625,102.440684998142,2.701694625,32,21,36.8669707956628
1000,102.302120933537,2.701694625,102.440684998142,2.581694625,33,21,36.6232373740013
1001,102.302120933537,2.581694625,102.440684998142,2.461694625,34,21,36.2094850464227
1002,102.302120933537,2.461694625,102.440684998142,2.341694625,35,21,35.8562270367051
1003,102.302120933537,2.341694625,102.440684998142,2.221694625,36,21,35.1233538997526
1004,102.302120933537,2.221694625,102.440684998142,2.101694625,37,21,34.2587477141512
1019,102.406043981991,6.001694625,102.544608046596,5.881694625,6,22,33.3827360985623
1020,102.406043981991,5.881694625,102.544608046596,5.761694625,7,22,33.3274350486492
1021,102.406043981991,5.761694625,102.544608046596,5.641694625,8,22,33.5479648127916
1022,102.406043981991,5.641694625,102.544608046596,5.521694625,9,22,33.7125030112
1023,102.406043981991,5.521694625,102.544608046596,5.401694625,10,22,33.7593287484045
1024,102.406043981991,5.401694625,102.544608046596,5.281694625,11,22,33.964281526487
1025,102.406043981991,5.281694625,102.544608046596,5.161694625,12,22,34.0506495226804
1026,102.406043981991,5.161694625,102.544608046596,5.041694625,13,22,33.9860528336023
1027,102.406043981991,5.041694625,102.544608046596,4.921694625,14,22,34.1108321488918
1028,102.406043981991,4.921694625,102.544608046596,4.801694625,15,22,34.0737330366121
1029,102.406043981991,4.801694625,102.544608046596,4.681694625,16,22,33.8589488057685
1030,102.406043981991,4.681694625,102.544608046596,4.561694625,17,22,33.7214965336232
1031,102.406043981991,4.561694625,102.544608046596,4.441694625,18,22,33.3631591988511
1032,102.406043981991,4.441694625,102.544608046596,4.321694625,19,22,33.0237911535891
1033,102.406043981991,4.321694625,102.544608046596,4.201694625,20,22,32.6032749772104
1034,102.406043981991,4.201694625,102.544608046596,4.081694625,21,22,32.1996932558219
1035,102.406043981991,4.081694625,102.544608046596,3.961694625,22,22,32.1564252593056
1036,102.406043981991,3.961694625,102.544608046596,3.841694625,23,22,32.4257718748663
1037,102.406043981991,3.841694625,102.544608046596,3.721694625,24,22,33.0292954744089
1038,102.406043981991,3.721694625,102.544608046596,3.601694625,25,22,33.4526470646718
1039,102.406043981991,3.601694625,102.544608046596,3.481694625,26,22,34.3186358849118
1040,102.406043981991,3.481694625,102.544608046596,3.361694625,27,22,34.8514218083207
1041,102.406043981991,3.361694625,102.544608046596,3.241694625,28,22,35.2254197695097
1042,102.406043981991,3.241694625,102.544608046596,3.121694625,29,22,35.8915611134036
1043,102.406043981991,3.121694625,102.544608046596,3.001694625,30,22,36.0041213017955
1044,102.406043981991,3.001694625,102.544608046596,2.881694625,31,22,36.3650188061107
1045,102.406043981991,2.881694625,102.544608046596,2.761694625,32,22,36.4205182262526
1046,102.406043981991,2.761694625,102.544608046596,2.641694625,33,22,36.0698840523824
1047,102.406043981991,2.641694625,102.544608046596,2.521694625,34,22,36.0764606951655
1048,102.406043981991,2.521694625,102.544608046596,2.401694625,35,22,35.6052802266329
1049,102.406043981991,2.401694625,102.544608046596,2.281694625,36,22,34.7374025318325
1050,102.406043981991,2.281694625,102.544608046596,2.161694625,37,22,34.2184032629349
1051,102.406043981991,2.161694625,102.544608046596,2.041694625,38,22,33.6198838257388
1065,102.509967030445,5.941694625,102.648531095051,5.821694625,6,23,NA
1066,102.509967030445,5.821694625,102.648531095051,5.701694625,7,23,33.3578489344768
1067,102.509967030445,5.701694625,102.648531095051,5.581694625,8,23,33.4492082581288
1068,102.509967030445,5.581694625,102.648531095051,5.461694625,9,23,33.5350742047859
1069,102.509967030445,5.461694625,102.648531095051,5.341694625,10,23,33.6974118720552
1070,102.509967030445,5.341694625,102.648531095051,5.221694625,11,23,33.7437649352067
1071,102.509967030445,5.221694625,102.648531095051,5.101694625,12,23,33.7742382071612
1072,102.509967030445,5.101694625,102.648531095051,4.981694625,13,23,33.7759564907162
1073,102.509967030445,4.981694625,102.648531095051,4.861694625,14,23,33.746351344309
1074,102.509967030445,4.861694625,102.648531095051,4.741694625,15,23,33.7002053325296
1075,102.509967030445,4.741694625,102.648531095051,4.621694625,16,23,33.5163095016409
1076,102.509967030445,4.621694625,102.648531095051,4.501694625,17,23,33.3649933141841
1077,102.509967030445,4.501694625,102.648531095051,4.381694625,18,23,33.1768890583513
1078,102.509967030445,4.381694625,102.648531095051,4.261694625,19,23,32.7197258394715
1079,102.509967030445,4.261694625,102.648531095051,4.141694625,20,23,32.5067467427829
1080,102.509967030445,4.141694625,102.648531095051,4.021694625,21,23,32.2921898627099
1081,102.509967030445,4.021694625,102.648531095051,3.901694625,22,23,32.3952584605018
1082,102.509967030445,3.901694625,102.648531095051,3.781694625,23,23,32.621750030975
1083,102.509967030445,3.781694625,102.648531095051,3.661694625,24,23,32.9537675716922
1084,102.509967030445,3.661694625,102.648531095051,3.541694625,25,23,33.7639661275894
1085,102.509967030445,3.541694625,102.648531095051,3.421694625,26,23,34.1767911712582
1086,102.509967030445,3.421694625,102.648531095051,3.301694625,27,23,NA
1087,102.509967030445,3.301694625,102.648531095051,3.181694625,28,23,35.1528681087041
1088,102.509967030445,3.181694625,102.648531095051,3.061694625,29,23,35.38522101722
1089,102.509967030445,3.061694625,102.648531095051,2.941694625,30,23,35.9037368066711
1090,102.509967030445,2.941694625,102.648531095051,2.821694625,31,23,35.7490747536895
1091,102.509967030445,2.821694625,102.648531095051,2.701694625,32,23,35.73106807056
1092,102.509967030445,2.701694625,102.648531095051,2.581694625,33,23,35.6350240425263
1093,102.509967030445,2.581694625,102.648531095051,2.461694625,34,23,35.1525577406032
1094,102.509967030445,2.461694625,102.648531095051,2.341694625,35,23,34.8149795161688
1095,102.509967030445,2.341694625,102.648531095051,2.221694625,36,23,33.5228527473868
1096,102.509967030445,2.221694625,102.648531095051,2.101694625,37,23,32.8562161624253
1097,102.509967030445,2.101694625,102.648531095051,1.981694625,38,23,32.8267388273934
1098,102.509967030445,1.981694625,102.648531095051,1.861694625,39,23,NA
1112,102.613890078899,5.881694625,102.752454143505,5.761694625,7,24,NA
1113,102.613890078899,5.761694625,102.752454143505,5.641694625,8,24,33.3748627872187
1114,102.613890078899,5.641694625,102.752454143505,5.521694625,9,24,33.4236801331575
1115,102.613890078899,5.521694625,102.752454143505,5.401694625,10,24,33.5137691512013
1116,102.613890078899,5.401694625,102.752454143505,5.281694625,11,24,33.5089355452016
1117,102.613890078899,5.281694625,102.752454143505,5.161694625,12,24,33.5244333541964
1118,102.613890078899,5.161694625,102.752454143505,5.041694625,13,24,33.5990807390167
1119,102.613890078899,5.041694625,102.752454143505,4.921694625,14,24,33.4475371236488
1120,102.613890078899,4.921694625,102.752454143505,4.801694625,15,24,33.3599689558384
1121,102.613890078899,4.801694625,102.752454143505,4.681694625,16,24,33.4016741061138
1122,102.613890078899,4.681694625,102.752454143505,4.561694625,17,24,33.1690858620045
1123,102.613890078899,4.561694625,102.752454143505,4.441694625,18,24,33.0145262425746
1124,102.613890078899,4.441694625,102.752454143505,4.321694625,19,24,32.9062510098029
1125,102.613890078899,4.321694625,102.752454143505,4.201694625,20,24,32.6720375517476
1126,102.613890078899,4.201694625,102.752454143505,4.081694625,21,24,32.4681056639315
1127,102.613890078899,4.081694625,102.752454143505,3.961694625,22,24,32.4358905081061
1128,102.613890078899,3.961694625,102.752454143505,3.841694625,23,24,32.6238214126232
1129,102.613890078899,3.841694625,102.752454143505,3.721694625,24,24,32.9114422691085
1130,102.613890078899,3.721694625,102.752454143505,3.601694625,25,24,33.2305344292224
1131,102.613890078899,3.601694625,102.752454143505,3.481694625,26,24,33.7004253005912
1132,102.613890078899,3.481694625,102.752454143505,3.361694625,27,24,34.2816712090624
1133,102.613890078899,3.361694625,102.752454143505,3.241694625,28,24,34.5596777162685
1134,102.613890078899,3.241694625,102.752454143505,3.121694625,29,24,34.729594954566
1135,102.613890078899,3.121694625,102.752454143505,3.001694625,30,24,35.1603677542194
1136,102.613890078899,3.001694625,102.752454143505,2.881694625,31,24,35.2711556507192
1137,102.613890078899,2.881694625,102.752454143505,2.761694625,32,24,35.1075676797522
1138,102.613890078899,2.761694625,102.752454143505,2.641694625,33,24,35.2245918075212
1139,102.613890078899,2.641694625,102.752454143505,2.521694625,34,24,35.0620447871897
1140,102.613890078899,2.521694625,102.752454143505,2.401694625,35,24,34.4355059286115
1141,102.613890078899,2.401694625,102.752454143505,2.281694625,36,24,33.9504317611211
1142,102.613890078899,2.281694625,102.752454143505,2.161694625,37,24,33.3827223302262
1143,102.613890078899,2.161694625,102.752454143505,2.041694625,38,24,33.0379655527551
1144,102.613890078899,2.041694625,102.752454143505,1.921694625,39,24,33.0943106742189
1145,102.613890078899,1.921694625,102.752454143505,1.801694625,40,24,33.3324780302277
1158,102.717813127353,5.821694625,102.856377191959,5.701694625,7,25,NA
1159,102.717813127353,5.701694625,102.856377191959,5.581694625,8,25,33.3937435378302
1160,102.717813127353,5.581694625,102.856377191959,5.461694625,9,25,33.3899481870708
1161,102.717813127353,5.461694625,102.856377191959,5.341694625,10,25,33.3949679779336
1162,102.717813127353,5.341694625,102.856377191959,5.221694625,11,25,33.3952329003831
1163,102.717813127353,5.221694625,102.856377191959,5.101694625,12,25,33.3602149261758
1164,102.717813127353,5.101694625,102.856377191959,4.981694625,13,25,33.2888931479878
1165,102.717813127353,4.981694625,102.856377191959,4.861694625,14,25,33.2233744245793
1166,102.717813127353,4.861694625,102.856377191959,4.741694625,15,25,33.1153292681926
1167,102.717813127353,4.741694625,102.856377191959,4.621694625,16,25,33.0103185505673
1168,102.717813127353,4.621694625,102.856377191959,4.501694625,17,25,32.9463911697581
1169,102.717813127353,4.501694625,102.856377191959,4.381694625,18,25,32.8465634889023
1170,102.717813127353,4.381694625,102.856377191959,4.261694625,19,25,32.7285088177376
1171,102.717813127353,4.261694625,102.856377191959,4.141694625,20,25,32.6600092584913
1172,102.717813127353,4.141694625,102.856377191959,4.021694625,21,25,32.6120057985554
1173,102.717813127353,4.021694625,102.856377191959,3.901694625,22,25,32.6583440892825
1174,102.717813127353,3.901694625,102.856377191959,3.781694625,23,25,32.7655381864014
1175,102.717813127353,3.781694625,102.856377191959,3.661694625,24,25,33.0452607921711
1176,102.717813127353,3.661694625,102.856377191959,3.541694625,25,25,33.4391901382708
1177,102.717813127353,3.541694625,102.856377191959,3.421694625,26,25,33.71973886644
1178,102.717813127353,3.421694625,102.856377191959,3.301694625,27,25,34.0754694020692
1179,102.717813127353,3.301694625,102.856377191959,3.181694625,28,25,34.3614452543713
1180,102.717813127353,3.181694625,102.856377191959,3.061694625,29,25,34.5138599549043
1181,102.717813127353,3.061694625,102.856377191959,2.941694625,30,25,34.6754149440065
1182,102.717813127353,2.941694625,102.856377191959,2.821694625,31,25,34.7588565558114
1183,102.717813127353,2.821694625,102.856377191959,2.701694625,32,25,34.7613894970227
1184,102.717813127353,2.701694625,102.856377191959,2.581694625,33,25,34.68274339045
1185,102.717813127353,2.581694625,102.856377191959,2.461694625,34,25,34.3802238922466
1186,102.717813127353,2.461694625,102.856377191959,2.341694625,35,25,34.0695670884584
1187,102.717813127353,2.341694625,102.856377191959,2.221694625,36,25,33.6060650628439
1188,102.717813127353,2.221694625,102.856377191959,2.101694625,37,25,33.2707683250439
1189,102.717813127353,2.101694625,102.856377191959,1.981694625,38,25,33.2324563540376
1190,102.717813127353,1.981694625,102.856377191959,1.861694625,39,25,33.3914220369602
1191,102.717813127353,1.861694625,102.856377191959,1.741694625,40,25,NA
1206,102.821736175807,5.641694625,102.960300240413,5.521694625,9,26,33.3762372451525
1207,102.821736175807,5.521694625,102.960300240413,5.401694625,10,26,33.3405574675235
1208,102.821736175807,5.401694625,102.960300240413,5.281694625,11,26,33.30306486597
1209,102.821736175807,5.281694625,102.960300240413,5.161694625,12,26,33.2519300076441
1210,102.821736175807,5.161694625,102.960300240413,5.041694625,13,26,33.1938863466989
1211,102.821736175807,5.041694625,102.960300240413,4.921694625,14,26,33.0809365375398
1212,102.821736175807,4.921694625,102.960300240413,4.801694625,15,26,32.9579866541184
1213,102.821736175807,4.801694625,102.960300240413,4.681694625,16,26,32.8844923515159
1214,102.821736175807,4.681694625,102.960300240413,4.561694625,17,26,32.8026374526321
1215,102.821736175807,4.561694625,102.960300240413,4.441694625,18,26,32.744187632247
1216,102.821736175807,4.441694625,102.960300240413,4.321694625,19,26,32.7118292441327
1217,102.821736175807,4.321694625,102.960300240413,4.201694625,20,26,32.6851118603143
1218,102.821736175807,4.201694625,102.960300240413,4.081694625,21,26,32.6741702789689
1219,102.821736175807,4.081694625,102.960300240413,3.961694625,22,26,32.6868502435103
1220,102.821736175807,3.961694625,102.960300240413,3.841694625,23,26,32.7855060799591
1221,102.821736175807,3.841694625,102.960300240413,3.721694625,24,26,32.9704114532723
1222,102.821736175807,3.721694625,102.960300240413,3.601694625,25,26,33.1618031102025
1223,102.821736175807,3.601694625,102.960300240413,3.481694625,26,26,33.5157787982601
1224,102.821736175807,3.481694625,102.960300240413,3.361694625,27,26,33.8420585360948
1225,102.821736175807,3.361694625,102.960300240413,3.241694625,28,26,34.014188125754
1226,102.821736175807,3.241694625,102.960300240413,3.121694625,29,26,34.2128804129969
1227,102.821736175807,3.121694625,102.960300240413,3.001694625,30,26,34.3738115744974
1228,102.821736175807,3.001694625,102.960300240413,2.881694625,31,26,34.4468929690973
1229,102.821736175807,2.881694625,102.960300240413,2.761694625,32,26,34.4854682678606
1230,102.821736175807,2.761694625,102.960300240413,2.641694625,33,26,34.4463635902329
1231,102.821736175807,2.641694625,102.960300240413,2.521694625,34,26,34.3543945375245
1232,102.821736175807,2.521694625,102.960300240413,2.401694625,35,26,34.0683776605122
1233,102.821736175807,2.401694625,102.960300240413,2.281694625,36,26,33.7292441024089
1234,102.821736175807,2.281694625,102.960300240413,2.161694625,37,26,33.5415694757594
1235,102.821736175807,2.161694625,102.960300240413,2.041694625,38,26,33.4221969495184
1236,102.821736175807,2.041694625,102.960300240413,1.921694625,39,26,33.4987403273677
1237,102.821736175807,1.921694625,102.960300240413,1.801694625,40,26,33.6204949500183
1238,102.821736175807,1.801694625,102.960300240413,1.681694625,41,26,NA
1252,102.925659224262,5.581694625,103.064223288867,5.461694625,9,27,33.3109347925796
1253,102.925659224262,5.461694625,103.064223288867,5.341694625,10,27,33.2561489993733
1254,102.925659224262,5.341694625,103.064223288867,5.221694625,11,27,33.2111152177693
1255,102.925659224262,5.221694625,103.064223288867,5.101694625,12,27,33.1079427742191
1256,102.925659224262,5.101694625,103.064223288867,4.981694625,13,27,32.9741029745935
1257,102.925659224262,4.981694625,103.064223288867,4.861694625,14,27,32.8745125246986
1258,102.925659224262,4.861694625,103.064223288867,4.741694625,15,27,32.7421167147097
1259,102.925659224262,4.741694625,103.064223288867,4.621694625,16,27,32.6548116838231
1260,102.925659224262,4.621694625,103.064223288867,4.501694625,17,27,32.6301768426754
1261,102.925659224262,4.501694625,103.064223288867,4.381694625,18,27,32.6241270094843
1262,102.925659224262,4.381694625,103.064223288867,4.261694625,19,27,32.6439956928115
1263,102.925659224262,4.261694625,103.064223288867,4.141694625,20,27,32.6705749942968
1264,102.925659224262,4.141694625,103.064223288867,4.021694625,21,27,32.7131537194358
1265,102.925659224262,4.021694625,103.064223288867,3.901694625,22,27,32.7813380793747
1266,102.925659224262,3.901694625,103.064223288867,3.781694625,23,27,32.8720255037991
1267,102.925659224262,3.781694625,103.064223288867,3.661694625,24,27,33.0822641619414
1268,102.925659224262,3.661694625,103.064223288867,3.541694625,25,27,33.3724513047229
1269,102.925659224262,3.541694625,103.064223288867,3.421694625,26,27,33.5807009623892
1270,102.925659224262,3.421694625,103.064223288867,3.301694625,27,27,33.8358552515334
1271,102.925659224262,3.301694625,103.064223288867,3.181694625,28,27,34.0273236448214
1272,102.925659224262,3.181694625,103.064223288867,3.061694625,29,27,34.1303868372473
1273,102.925659224262,3.061694625,103.064223288867,2.941694625,30,27,34.2394775154768
1274,102.925659224262,2.941694625,103.064223288867,2.821694625,31,27,34.2828311025903
1275,102.925659224262,2.821694625,103.064223288867,2.701694625,32,27,34.2664652326491
1276,102.925659224262,2.701694625,103.064223288867,2.581694625,33,27,34.1769253651498
1277,102.925659224262,2.581694625,103.064223288867,2.461694625,34,27,34.0195129534431
1278,102.925659224262,2.461694625,103.064223288867,2.341694625,35,27,33.8682374649153
1279,102.925659224262,2.341694625,103.064223288867,2.221694625,36,27,33.6571701875612
1280,102.925659224262,2.221694625,103.064223288867,2.101694625,37,27,33.5379747390126
1281,102.925659224262,2.101694625,103.064223288867,1.981694625,38,27,33.5526434775748
1282,102.925659224262,1.981694625,103.064223288867,1.861694625,39,27,33.6917987076384
1283,102.925659224262,1.861694625,103.064223288867,1.741694625,40,27,33.8684391369833
1284,102.925659224262,1.741694625,103.064223288867,1.621694625,41,27,NA
1299,103.029582272716,5.521694625,103.168146337321,5.401694625,10,28,NA
1300,103.029582272716,5.401694625,103.168146337321,5.281694625,11,28,33.1880210516755
1301,103.029582272716,5.281694625,103.168146337321,5.161694625,12,28,33.0718735957482
1302,103.029582272716,5.161694625,103.168146337321,5.041694625,13,28,32.9343533251421
1303,103.029582272716,5.041694625,103.168146337321,4.921694625,14,28,32.7895477101429
1304,103.029582272716,4.921694625,103.168146337321,4.801694625,15,28,32.6182811971863
1305,103.029582272716,4.801694625,103.168146337321,4.681694625,16,28,32.4589946600668
1306,103.029582272716,4.681694625,103.168146337321,4.561694625,17,28,32.4953412653924
1307,103.029582272716,4.561694625,103.168146337321,4.441694625,18,28,32.5198379666699
1308,103.029582272716,4.441694625,103.168146337321,4.321694625,19,28,32.5487919513879
1309,103.029582272716,4.321694625,103.168146337321,4.201694625,20,28,32.6547787204816
1310,103.029582272716,4.201694625,103.168146337321,4.081694625,21,28,32.7325774525199
1311,103.029582272716,4.081694625,103.168146337321,3.961694625,22,28,32.7666012037514
1312,103.029582272716,3.961694625,103.168146337321,3.841694625,23,28,32.8455207293013
1313,103.029582272716,3.841694625,103.168146337321,3.721694625,24,28,33.0114534903037
1314,103.029582272716,3.721694625,103.168146337321,3.601694625,25,28,33.1771049215468
1315,103.029582272716,3.601694625,103.168146337321,3.481694625,26,28,33.4687655257866
1316,103.029582272716,3.481694625,103.168146337321,3.361694625,27,28,33.7331881628774
1317,103.029582272716,3.361694625,103.168146337321,3.241694625,28,28,33.8709264701845
1318,103.029582272716,3.241694625,103.168146337321,3.121694625,29,28,34.0115199943351
1319,103.029582272716,3.121694625,103.168146337321,3.001694625,30,28,34.1054860987107
1320,103.029582272716,3.001694625,103.168146337321,2.881694625,31,28,34.1270003246516
1321,103.029582272716,2.881694625,103.168146337321,2.761694625,32,28,34.0977393310197
1322,103.029582272716,2.761694625,103.168146337321,2.641694625,33,28,34.0275560826867
1323,103.029582272716,2.641694625,103.168146337321,2.521694625,34,28,33.9647194241284
1324,103.029582272716,2.521694625,103.168146337321,2.401694625,35,28,33.8442476596973
1325,103.029582272716,2.401694625,103.168146337321,2.281694625,36,28,33.683694634581
1326,103.029582272716,2.281694625,103.168146337321,2.161694625,37,28,33.6277265905728
1327,103.029582272716,2.161694625,103.168146337321,2.041694625,38,28,33.6279824692032
1328,103.029582272716,2.041694625,103.168146337321,1.921694625,39,28,33.7611193643595
1329,103.029582272716,1.921694625,103.168146337321,1.801694625,40,28,33.8413020112632
1330,103.029582272716,1.801694625,103.168146337321,1.681694625,41,28,34.0314744698138
1331,103.029582272716,1.681694625,103.168146337321,1.561694625,42,28,NA
1346,103.13350532117,5.341694625,103.272069385775,5.221694625,11,29,NA
1347,103.13350532117,5.221694625,103.272069385775,5.101694625,12,29,33.0285530046943
1348,103.13350532117,5.101694625,103.272069385775,4.981694625,13,29,32.7304470642262
1349,103.13350532117,4.981694625,103.272069385775,4.861694625,14,29,32.5681100298311
1350,103.13350532117,4.861694625,103.272069385775,4.741694625,15,29,32.475645132527
1351,103.13350532117,4.741694625,103.272069385775,4.621694625,16,29,32.2734996990702
1352,103.13350532117,4.621694625,103.272069385775,4.501694625,17,29,32.320606806029
1353,103.13350532117,4.501694625,103.272069385775,4.381694625,18,29,32.4392600323998
1354,103.13350532117,4.381694625,103.272069385775,4.261694625,19,29,32.6656453603455
1355,103.13350532117,4.261694625,103.272069385775,4.141694625,20,29,32.7847741235026
1356,103.13350532117,4.141694625,103.272069385775,4.021694625,21,29,32.827743667061
1357,103.13350532117,4.021694625,103.272069385775,3.901694625,22,29,32.8875221176451
1358,103.13350532117,3.901694625,103.272069385775,3.781694625,23,29,32.9263451433451
1359,103.13350532117,3.781694625,103.272069385775,3.661694625,24,29,33.1312852279905
1360,103.13350532117,3.661694625,103.272069385775,3.541694625,25,29,33.4446966123253
1361,103.13350532117,3.541694625,103.272069385775,3.421694625,26,29,33.6360265156171
1362,103.13350532117,3.421694625,103.272069385775,3.301694625,27,29,33.8221206433795
1363,103.13350532117,3.301694625,103.272069385775,3.181694625,28,29,33.9633142103836
1364,103.13350532117,3.181694625,103.272069385775,3.061694625,29,29,33.9899631178041
1365,103.13350532117,3.061694625,103.272069385775,2.941694625,30,29,34.0111994742283
1366,103.13350532117,2.941694625,103.272069385775,2.821694625,31,29,33.890295171978
1367,103.13350532117,2.821694625,103.272069385775,2.701694625,32,29,33.8420950653786
1368,103.13350532117,2.701694625,103.272069385775,2.581694625,33,29,33.8515005720955
1369,103.13350532117,2.581694625,103.272069385775,2.461694625,34,29,33.7462482674179
1370,103.13350532117,2.461694625,103.272069385775,2.341694625,35,29,33.702120386514
1371,103.13350532117,2.341694625,103.272069385775,2.221694625,36,29,33.6362853304397
1372,103.13350532117,2.221694625,103.272069385775,2.101694625,37,29,33.6366311117097
1373,103.13350532117,2.101694625,103.272069385775,1.981694625,38,29,33.703870237754
1374,103.13350532117,1.981694625,103.272069385775,1.861694625,39,29,33.9149268927218
1375,103.13350532117,1.861694625,103.272069385775,1.741694625,40,29,34.1120616808588
1376,103.13350532117,1.741694625,103.272069385775,1.621694625,41,29,34.2811912576489
1377,103.13350532117,1.621694625,103.272069385775,1.501694625,42,29,NA
1394,103.237428369624,5.161694625,103.375992434229,5.041694625,13,30,32.870635495657
1395,103.237428369624,5.041694625,103.375992434229,4.921694625,14,30,32.50113427905
1396,103.237428369624,4.921694625,103.375992434229,4.801694625,15,30,32.3235224484623
1397,103.237428369624,4.801694625,103.375992434229,4.681694625,16,30,32.165333472673
1398,103.237428369624,4.681694625,103.375992434229,4.561694625,17,30,32.1364964069409
1399,103.237428369624,4.561694625,103.375992434229,4.441694625,18,30,32.3928340385288
1400,103.237428369624,4.441694625,103.375992434229,4.321694625,19,30,32.5649180871591
1401,103.237428369624,4.321694625,103.375992434229,4.201694625,20,30,32.8716111778464
1402,103.237428369624,4.201694625,103.375992434229,4.081694625,21,30,33.0358150880559
1403,103.237428369624,4.081694625,103.375992434229,3.961694625,22,30,33.1402238896878
1404,103.237428369624,3.961694625,103.375992434229,3.841694625,23,30,33.1622935598768
1405,103.237428369624,3.841694625,103.375992434229,3.721694625,24,30,33.2013878562008
1406,103.237428369624,3.721694625,103.375992434229,3.601694625,25,30,33.3661059147247
1407,103.237428369624,3.601694625,103.375992434229,3.481694625,26,30,33.6553429805118
1408,103.237428369624,3.481694625,103.375992434229,3.361694625,27,30,33.8471328341814
1409,103.237428369624,3.361694625,103.375992434229,3.241694625,28,30,33.9400199728138
1410,103.237428369624,3.241694625,103.375992434229,3.121694625,29,30,33.9686761713978
1411,103.237428369624,3.121694625,103.375992434229,3.001694625,30,30,33.9120701214386
1412,103.237428369624,3.001694625,103.375992434229,2.881694625,31,30,33.8254103417082
1413,103.237428369624,2.881694625,103.375992434229,2.761694625,32,30,33.6506584655436
1414,103.237428369624,2.761694625,103.375992434229,2.641694625,33,30,33.6820294695857
1415,103.237428369624,2.641694625,103.375992434229,2.521694625,34,30,33.6731670138496
1416,103.237428369624,2.521694625,103.375992434229,2.401694625,35,30,33.6202084922475
1417,103.237428369624,2.401694625,103.375992434229,2.281694625,36,30,33.6159446425724
1418,103.237428369624,2.281694625,103.375992434229,2.161694625,37,30,33.6030722914775
1419,103.237428369624,2.161694625,103.375992434229,2.041694625,38,30,33.6733854618708
1420,103.237428369624,2.041694625,103.375992434229,1.921694625,39,30,33.8597334236525
1421,103.237428369624,1.921694625,103.375992434229,1.801694625,40,30,34.0283813260155
1422,103.237428369624,1.801694625,103.375992434229,1.681694625,41,30,34.3788428126671
1423,103.237428369624,1.681694625,103.375992434229,1.561694625,42,30,34.6055165020688
1424,103.237428369624,1.561694625,103.375992434229,1.441694625,43,30,NA
1441,103.341351418078,4.981694625,103.479915482684,4.861694625,14,31,NA
1442,103.341351418078,4.861694625,103.479915482684,4.741694625,15,31,32.0678497335934
1443,103.341351418078,4.741694625,103.479915482684,4.621694625,16,31,32.0297901169364
1444,103.341351418078,4.621694625,103.479915482684,4.501694625,17,31,32.2542118082512
1445,103.341351418078,4.501694625,103.479915482684,4.381694625,18,31,32.5870761440612
1446,103.341351418078,4.381694625,103.479915482684,4.261694625,19,31,32.9104497715935
1447,103.341351418078,4.261694625,103.479915482684,4.141694625,20,31,33.0976939023831
1448,103.341351418078,4.141694625,103.479915482684,4.021694625,21,31,NA
1449,103.341351418078,4.021694625,103.479915482684,3.901694625,22,31,33.4024190312472
1450,103.341351418078,3.901694625,103.479915482684,3.781694625,23,31,NA
1451,103.341351418078,3.781694625,103.479915482684,3.661694625,24,31,NA
1452,103.341351418078,3.661694625,103.479915482684,3.541694625,25,31,33.7066196411412
1453,103.341351418078,3.541694625,103.479915482684,3.421694625,26,31,33.8089839497792
1454,103.341351418078,3.421694625,103.479915482684,3.301694625,27,31,33.9419674486428
1455,103.341351418078,3.301694625,103.479915482684,3.181694625,28,31,33.9920730195006
1456,103.341351418078,3.181694625,103.479915482684,3.061694625,29,31,33.9280475110948
1457,103.341351418078,3.061694625,103.479915482684,2.941694625,30,31,33.7263955360634
1458,103.341351418078,2.941694625,103.479915482684,2.821694625,31,31,33.517140648775
1459,103.341351418078,2.821694625,103.479915482684,2.701694625,32,31,33.5164934147825
1460,103.341351418078,2.701694625,103.479915482684,2.581694625,33,31,33.541560327723
1461,103.341351418078,2.581694625,103.479915482684,2.461694625,34,31,33.5641916411852
1462,103.341351418078,2.461694625,103.479915482684,2.341694625,35,31,33.5689580341262
1463,103.341351418078,2.341694625,103.479915482684,2.221694625,36,31,33.5817101514656
1464,103.341351418078,2.221694625,103.479915482684,2.101694625,37,31,33.6524579028345
1465,103.341351418078,2.101694625,103.479915482684,1.981694625,38,31,33.7687241040483
1466,103.341351418078,1.981694625,103.479915482684,1.861694625,39,31,34.0390144342859
1467,103.341351418078,1.861694625,103.479915482684,1.741694625,40,31,34.3823806194954
1468,103.341351418078,1.741694625,103.479915482684,1.621694625,41,31,34.6349528505822
1469,103.341351418078,1.621694625,103.479915482684,1.501694625,42,31,34.971590327262
1470,103.341351418078,1.501694625,103.479915482684,1.381694625,43,31,35.2193475071386
1471,103.341351418078,1.381694625,103.479915482684,1.261694625,44,31,NA
1489,103.445274466532,4.801694625,103.583838531138,4.681694625,16,32,NA
1490,103.445274466532,4.681694625,103.583838531138,4.561694625,17,32,NA
1491,103.445274466532,4.561694625,103.583838531138,4.441694625,18,32,NA
1492,103.445274466532,4.441694625,103.583838531138,4.321694625,19,32,32.8515914498344
1493,103.445274466532,4.321694625,103.583838531138,4.201694625,20,32,33.0578535519944
1502,103.445274466532,3.241694625,103.583838531138,3.121694625,29,32,NA
1503,103.445274466532,3.121694625,103.583838531138,3.001694625,30,32,NA
1504,103.445274466532,3.001694625,103.583838531138,2.881694625,31,32,NA
1505,103.445274466532,2.881694625,103.583838531138,2.761694625,32,32,33.48087342292
1506,103.445274466532,2.761694625,103.583838531138,2.641694625,33,32,33.4977279173401
1507,103.445274466532,2.641694625,103.583838531138,2.521694625,34,32,33.5182257414161
1508,103.445274466532,2.521694625,103.583838531138,2.401694625,35,32,33.5486374885482
1509,103.445274466532,2.401694625,103.583838531138,2.281694625,36,32,33.5724839730888
1510,103.445274466532,2.281694625,103.583838531138,2.161694625,37,32,33.6112082074257
1511,103.445274466532,2.161694625,103.583838531138,2.041694625,38,32,33.7450887711354
1512,103.445274466532,2.041694625,103.583838531138,1.921694625,39,32,33.9781582339891
1513,103.445274466532,1.921694625,103.583838531138,1.801694625,40,32,34.2055248435996
1514,103.445274466532,1.801694625,103.583838531138,1.681694625,41,32,34.6363609861327
1515,103.445274466532,1.681694625,103.583838531138,1.561694625,42,32,35.079630004134
1516,103.445274466532,1.561694625,103.583838531138,1.441694625,43,32,35.2974984932823
1517,103.445274466532,1.441694625,103.583838531138,1.321694625,44,32,35.4671034484441
1518,103.445274466532,1.321694625,103.583838531138,1.201694625,45,32,NA
1551,103.549197514986,2.821694625,103.687761579592,2.701694625,32,33,NA
1552,103.549197514986,2.701694625,103.687761579592,2.581694625,33,33,33.5312914376401
1553,103.549197514986,2.581694625,103.687761579592,2.461694625,34,33,33.5593296487459
1554,103.549197514986,2.461694625,103.687761579592,2.341694625,35,33,33.5741435615181
1555,103.549197514986,2.341694625,103.687761579592,2.221694625,36,33,33.6193339555761
1556,103.549197514986,2.221694625,103.687761579592,2.101694625,37,33,33.7163596991125
1557,103.549197514986,2.101694625,103.687761579592,1.981694625,38,33,33.8321753022831
1558,103.549197514986,1.981694625,103.687761579592,1.861694625,39,33,34.1195312401269
1559,103.549197514986,1.861694625,103.687761579592,1.741694625,40,33,34.5541913553842
1560,103.549197514986,1.741694625,103.687761579592,1.621694625,41,33,34.9322484184692
1561,103.549197514986,1.621694625,103.687761579592,1.501694625,42,33,35.4159561478661
1562,103.549197514986,1.501694625,103.687761579592,1.381694625,43,33,35.6214335667101
1563,103.549197514986,1.381694625,103.687761579592,1.261694625,44,33,35.6514895850362
1598,103.653120563441,2.761694625,103.791684628046,2.641694625,33,34,NA
1599,103.653120563441,2.641694625,103.791684628046,2.521694625,34,34,33.5952636930823
1600,103.653120563441,2.521694625,103.791684628046,2.401694625,35,34,33.6155981525134
1601,103.653120563441,2.401694625,103.791684628046,2.281694625,36,34,33.6439033150355
1602,103.653120563441,2.281694625,103.791684628046,2.161694625,37,34,33.6855559317449
1603,103.653120563441,2.161694625,103.791684628046,2.041694625,38,34,33.8015777095569
1604,103.653120563441,2.041694625,103.791684628046,1.921694625,39,34,33.9965351075654
1605,103.653120563441,1.921694625,103.791684628046,1.801694625,40,34,34.2152832456509
1606,103.653120563441,1.801694625,103.791684628046,1.681694625,41,34,34.7739648128923
1607,103.653120563441,1.681694625,103.791684628046,1.561694625,42,34,35.5004597978307
1608,103.653120563441,1.561694625,103.791684628046,1.441694625,43,34,35.7284990741348
1645,103.757043611895,2.581694625,103.8956076765,2.461694625,34,35,33.6708280976261
1646,103.757043611895,2.461694625,103.8956076765,2.341694625,35,35,33.7076498651242
1647,103.757043611895,2.341694625,103.8956076765,2.221694625,36,35,33.7181027535881
1648,103.757043611895,2.221694625,103.8956076765,2.101694625,37,35,33.8081209767321
1649,103.757043611895,2.101694625,103.8956076765,1.981694625,38,35,33.87151910832
1650,103.757043611895,1.981694625,103.8956076765,1.861694625,39,35,34.0387847653572
1651,103.757043611895,1.861694625,103.8956076765,1.741694625,40,35,34.3192871868556
1652,103.757043611895,1.741694625,103.8956076765,1.621694625,41,35,34.8616416080189
1653,103.757043611895,1.621694625,103.8956076765,1.501694625,42,35,35.586505052921
1654,103.757043611895,1.501694625,103.8956076765,1.381694625,43,35,NA
1693,103.860966660349,2.401694625,103.999530724954,2.281694625,36,36,33.7549228616414
1694,103.860966660349,2.281694625,103.999530724954,2.161694625,37,36,33.8101506535877
1695,103.860966660349,2.161694625,103.999530724954,2.041694625,38,36,33.8976493643301
1696,103.860966660349,2.041694625,103.999530724954,1.921694625,39,36,33.964208322761
1697,103.860966660349,1.921694625,103.999530724954,1.801694625,40,36,34.0472314552809
1698,103.860966660349,1.801694625,103.999530724954,1.681694625,41,36,34.5005464903908
1699,103.860966660349,1.681694625,103.999530724954,1.561694625,42,36,35.1948378459269
1700,103.860966660349,1.561694625,103.999530724954,1.441694625,43,36,35.456983856044
1701,103.860966660349,1.441694625,103.999530724954,1.321694625,44,36,35.3698759378201
1740,103.964889708803,2.221694625,104.103453773408,2.101694625,37,37,NA
1741,103.964889708803,2.101694625,104.103453773408,1.981694625,38,37,33.9698292901552
1742,103.964889708803,1.981694625,104.103453773408,1.861694625,39,37,34.098957311632
1743,103.964889708803,1.861694625,104.103453773408,1.741694625,40,37,34.3472099688939
1744,103.964889708803,1.741694625,104.103453773408,1.621694625,41,37,34.6074035959575
1745,103.964889708803,1.621694625,104.103453773408,1.501694625,42,37,34.9404067966824
1746,103.964889708803,1.501694625,104.103453773408,1.381694625,43,37,NA
1788,104.068812757257,2.041694625,104.207376821863,1.921694625,39,38,NA
1789,104.068812757257,1.921694625,104.207376821863,1.801694625,40,38,34.2055231820886
1790,104.068812757257,1.801694625,104.207376821863,1.681694625,41,38,34.4534765222715
1791,104.068812757257,1.681694625,104.207376821863,1.561694625,42,38,34.719354801867
1792,104.068812757257,1.561694625,104.207376821863,1.441694625,43,38,34.8435769994604
1793,104.068812757257,1.441694625,104.207376821863,1.321694625,44,38,34.9334705786016
1835,104.172735805711,1.861694625,104.311299870317,1.741694625,40,39,NA
1836,104.172735805711,1.741694625,104.311299870317,1.621694625,41,39,34.506424627709
1837,104.172735805711,1.621694625,104.311299870317,1.501694625,42,39,34.6891604978854
1838,104.172735805711,1.501694625,104.311299870317,1.381694625,43,39,34.8342797691459
1839,104.172735805711,1.381694625,104.311299870317,1.261694625,44,39,NA
1884,104.276658854165,1.561694625,104.415222918771,1.441694625,43,40,NA
1885,104.276658854165,1.441694625,104.415222918771,1.321694625,44,40,NA
