"id","left","top","right","bottom","row_index","col_index","population_density"
1,100.119736916,6.721694625,100.258300980606,6.601694625,0,0,53.13230867269
2,100.119736916,6.601694625,100.258300980606,6.481694625,1,0,198.139593153056
3,100.119736916,6.481694625,100.258300980606,6.361694625,2,0,655.094890468636
4,100.119736916,6.361694625,100.258300980606,6.241694625,3,0,325.273424237692
5,100.119736916,6.241694625,100.258300980606,6.121694625,4,0,227.9663600875
11,100.119736916,5.521694625,100.258300980606,5.401694625,10,0,166.428184981346
12,100.119736916,5.401694625,100.258300980606,5.281694625,11,0,575.00264495
13,100.119736916,5.281694625,100.258300980606,5.161694625,12,0,516.216248817778
47,100.223659964454,6.661694625,100.36222402906,6.541694625,0,1,88.5007351488943
48,100.223659964454,6.541694625,100.36222402906,6.421694625,1,1,344.711135581307
49,100.223659964454,6.421694625,100.36222402906,6.301694625,2,1,248.930518819676
50,100.223659964454,6.301694625,100.36222402906,6.181694625,3,1,231.707149938636
51,100.223659964454,6.181694625,100.36222402906,6.061694625,4,1,971.40956621134
52,100.223659964454,6.061694625,100.36222402906,5.941694625,5,1,361.181149563636
53,100.223659964454,5.941694625,100.36222402906,5.821694625,6,1,161.8275032
54,100.223659964454,5.821694625,100.36222402906,5.701694625,7,1,244.8934174
55,100.223659964454,5.701694625,100.36222402906,5.581694625,8,1,242.523042058333
56,100.223659964454,5.581694625,100.36222402906,5.461694625,9,1,NA
57,100.223659964454,5.461694625,100.36222402906,5.341694625,10,1,4446.3037135118
58,100.223659964454,5.341694625,100.36222402906,5.221694625,11,1,3254.17317251378
60,100.223659964454,5.101694625,100.36222402906,4.981694625,13,1,NA
94,100.327583012908,6.601694625,100.466147077514,6.481694625,1,2,153.39710588443
95,100.327583012908,6.481694625,100.466147077514,6.361694625,2,2,189.042533188478
96,100.327583012908,6.361694625,100.466147077514,6.241694625,3,2,441.026262067841
97,100.327583012908,6.241694625,100.466147077514,6.121694625,4,2,971.716574667045
98,100.327583012908,6.121694625,100.466147077514,6.001694625,5,2,846.487270997268
99,100.327583012908,6.001694625,100.466147077514,5.881694625,6,2,275.492631807212
100,100.327583012908,5.881694625,100.466147077514,5.761694625,7,2,225.872539587308
101,100.327583012908,5.761694625,100.466147077514,5.641694625,8,2,263.402200720186
102,100.327583012908,5.641694625,100.466147077514,5.521694625,9,2,523.114033094438
103,100.327583012908,5.521694625,100.466147077514,5.401694625,10,2,1949.77244363776
104,100.327583012908,5.401694625,100.466147077514,5.281694625,11,2,2477.83270034906
105,100.327583012908,5.281694625,100.466147077514,5.161694625,12,2,266.894175715072
106,100.327583012908,5.161694625,100.466147077514,5.041694625,13,2,363.971978869508
107,100.327583012908,5.041694625,100.466147077514,4.921694625,14,2,263.65724167371
140,100.431506061362,6.541694625,100.570070125968,6.421694625,1,3,183.000195135522
141,100.431506061362,6.421694625,100.570070125968,6.301694625,2,3,38.2797206568649
142,100.431506061362,6.301694625,100.570070125968,6.181694625,3,3,182.784233278023
143,100.431506061362,6.181694625,100.570070125968,6.061694625,4,3,264.972697757609
144,100.431506061362,6.061694625,100.570070125968,5.941694625,5,3,264.267679289318
145,100.431506061362,5.941694625,100.570070125968,5.821694625,6,3,247.05785176142
146,100.431506061362,5.821694625,100.570070125968,5.701694625,7,3,414.55152363854
147,100.431506061362,5.701694625,100.570070125968,5.581694625,8,3,2049.02940677463
148,100.431506061362,5.581694625,100.570070125968,5.461694625,9,3,783.430762937718
149,100.431506061362,5.461694625,100.570070125968,5.341694625,10,3,1564.96773948858
150,100.431506061362,5.341694625,100.570070125968,5.221694625,11,3,1301.39164506977
151,100.431506061362,5.221694625,100.570070125968,5.101694625,12,3,869.520540774649
152,100.431506061362,5.101694625,100.570070125968,4.981694625,13,3,369.044892031921
153,100.431506061362,4.981694625,100.570070125968,4.861694625,14,3,54.4956961519403
154,100.431506061362,4.861694625,100.570070125968,4.741694625,15,3,11.1961848735
186,100.535429109817,6.601694625,100.673993174422,6.481694625,1,4,20.20629978
187,100.535429109817,6.481694625,100.673993174422,6.361694625,2,4,16.5486155536743
188,100.535429109817,6.361694625,100.673993174422,6.241694625,3,4,116.974884895739
189,100.535429109817,6.241694625,100.673993174422,6.121694625,4,4,140.629071673672
190,100.535429109817,6.121694625,100.673993174422,6.001694625,5,4,99.7016869036756
191,100.535429109817,6.001694625,100.673993174422,5.881694625,6,4,78.9994542055227
192,100.535429109817,5.881694625,100.673993174422,5.761694625,7,4,115.631801961135
193,100.535429109817,5.761694625,100.673993174422,5.641694625,8,4,192.218813831023
194,100.535429109817,5.641694625,100.673993174422,5.521694625,9,4,256.739772604633
195,100.535429109817,5.521694625,100.673993174422,5.401694625,10,4,521.507903146973
196,100.535429109817,5.401694625,100.673993174422,5.281694625,11,4,447.157131585852
197,100.535429109817,5.281694625,100.673993174422,5.161694625,12,4,134.182760786324
198,100.535429109817,5.161694625,100.673993174422,5.041694625,13,4,124.684423715966
199,100.535429109817,5.041694625,100.673993174422,4.921694625,14,4,228.449355475989
200,100.535429109817,4.921694625,100.673993174422,4.801694625,15,4,64.4371348339617
201,100.535429109817,4.801694625,100.673993174422,4.681694625,16,4,9.59790129002419
202,100.535429109817,4.681694625,100.673993174422,4.561694625,17,4,14.7620047974426
203,100.535429109817,4.561694625,100.673993174422,4.441694625,18,4,142.624727796429
204,100.535429109817,4.441694625,100.673993174422,4.321694625,19,4,107.563791138696
205,100.535429109817,4.321694625,100.673993174422,4.201694625,20,4,312.881773558609
206,100.535429109817,4.201694625,100.673993174422,4.081694625,21,4,434.7147808
208,100.535429109817,3.961694625,100.673993174422,3.841694625,23,4,NA
232,100.639352158271,6.541694625,100.777916222876,6.421694625,1,5,8.85303642929787
233,100.639352158271,6.421694625,100.777916222876,6.301694625,2,5,28.014833688038
234,100.639352158271,6.301694625,100.777916222876,6.181694625,3,5,47.0983434397386
235,100.639352158271,6.181694625,100.777916222876,6.061694625,4,5,55.2994675325816
236,100.639352158271,6.061694625,100.777916222876,5.941694625,5,5,69.3065893144716
237,100.639352158271,5.941694625,100.777916222876,5.821694625,6,5,80.7875966273864
238,100.639352158271,5.821694625,100.777916222876,5.701694625,7,5,128.581505772337
239,100.639352158271,5.701694625,100.777916222876,5.581694625,8,5,119.739309660284
240,100.639352158271,5.581694625,100.777916222876,5.461694625,9,5,117.628318810598
241,100.639352158271,5.461694625,100.777916222876,5.341694625,10,5,92.8077907998863
242,100.639352158271,5.341694625,100.777916222876,5.221694625,11,5,115.638311604148
243,100.639352158271,5.221694625,100.777916222876,5.101694625,12,5,100.697897708913
244,100.639352158271,5.101694625,100.777916222876,4.981694625,13,5,47.4595342963276
245,100.639352158271,4.981694625,100.777916222876,4.861694625,14,5,688.340933203914
246,100.639352158271,4.861694625,100.777916222876,4.741694625,15,5,948.565851163579
247,100.639352158271,4.741694625,100.777916222876,4.621694625,16,5,64.2014588266477
248,100.639352158271,4.621694625,100.777916222876,4.501694625,17,5,62.8773079547541
249,100.639352158271,4.501694625,100.777916222876,4.381694625,18,5,40.7959082173011
250,100.639352158271,4.381694625,100.777916222876,4.261694625,19,5,196.786075415815
251,100.639352158271,4.261694625,100.777916222876,4.141694625,20,5,776.283827565562
252,100.639352158271,4.141694625,100.777916222876,4.021694625,21,5,130.980842220968
253,100.639352158271,4.021694625,100.777916222876,3.901694625,22,5,99.1102584903261
254,100.639352158271,3.901694625,100.777916222876,3.781694625,23,5,55.0499064773333
279,100.743275206725,6.481694625,100.88183927133,6.361694625,2,6,3.75817944934328
280,100.743275206725,6.361694625,100.88183927133,6.241694625,3,6,6.64404365305185
281,100.743275206725,6.241694625,100.88183927133,6.121694625,4,6,9.74364680661677
282,100.743275206725,6.121694625,100.88183927133,6.001694625,5,6,35.0556595369189
283,100.743275206725,6.001694625,100.88183927133,5.881694625,6,6,16.2028550995796
284,100.743275206725,5.881694625,100.88183927133,5.761694625,7,6,62.2196116185946
285,100.743275206725,5.761694625,100.88183927133,5.641694625,8,6,88.2623811944067
286,100.743275206725,5.641694625,100.88183927133,5.521694625,9,6,144.332613353239
287,100.743275206725,5.521694625,100.88183927133,5.401694625,10,6,15.958687791227
288,100.743275206725,5.401694625,100.88183927133,5.281694625,11,6,27.7528872570341
289,100.743275206725,5.281694625,100.88183927133,5.161694625,12,6,51.6597984156216
290,100.743275206725,5.161694625,100.88183927133,5.041694625,13,6,56.142949011695
291,100.743275206725,5.041694625,100.88183927133,4.921694625,14,6,116.553931688187
292,100.743275206725,4.921694625,100.88183927133,4.801694625,15,6,116.956636423054
293,100.743275206725,4.801694625,100.88183927133,4.681694625,16,6,67.7128172483353
294,100.743275206725,4.681694625,100.88183927133,4.561694625,17,6,11.7638538467081
295,100.743275206725,4.561694625,100.88183927133,4.441694625,18,6,54.8096841692712
296,100.743275206725,4.441694625,100.88183927133,4.321694625,19,6,127.594882037546
297,100.743275206725,4.321694625,100.88183927133,4.201694625,20,6,60.848303269827
298,100.743275206725,4.201694625,100.88183927133,4.081694625,21,6,30.6627343197159
299,100.743275206725,4.081694625,100.88183927133,3.961694625,22,6,55.944750055485
300,100.743275206725,3.961694625,100.88183927133,3.841694625,23,6,87.4083736416802
301,100.743275206725,3.841694625,100.88183927133,3.721694625,24,6,118.138158418
325,100.847198255179,6.421694625,100.985762319784,6.301694625,2,7,NA
326,100.847198255179,6.301694625,100.985762319784,6.181694625,3,7,2.5399659965082
327,100.847198255179,6.181694625,100.985762319784,6.061694625,4,7,5.19226228975
328,100.847198255179,6.061694625,100.985762319784,5.941694625,5,7,10.1079903548636
329,100.847198255179,5.941694625,100.985762319784,5.821694625,6,7,31.1805255017966
330,100.847198255179,5.821694625,100.985762319784,5.701694625,7,7,73.7976562867391
331,100.847198255179,5.701694625,100.985762319784,5.581694625,8,7,181.884910033102
332,100.847198255179,5.581694625,100.985762319784,5.461694625,9,7,25.7694112854837
333,100.847198255179,5.461694625,100.985762319784,5.341694625,10,7,2.48016779022727
334,100.847198255179,5.341694625,100.985762319784,5.221694625,11,7,5.82954738022599
335,100.847198255179,5.221694625,100.985762319784,5.101694625,12,7,18.746095564125
336,100.847198255179,5.101694625,100.985762319784,4.981694625,13,7,35.0984996530455
337,100.847198255179,4.981694625,100.985762319784,4.861694625,14,7,65.6282873927337
338,100.847198255179,4.861694625,100.985762319784,4.741694625,15,7,330.192618176426
339,100.847198255179,4.741694625,100.985762319784,4.621694625,16,7,51.7252668503559
340,100.847198255179,4.621694625,100.985762319784,4.501694625,17,7,53.3551696749456
341,100.847198255179,4.501694625,100.985762319784,4.381694625,18,7,86.1206652696591
342,100.847198255179,4.381694625,100.985762319784,4.261694625,19,7,198.323911854131
343,100.847198255179,4.261694625,100.985762319784,4.141694625,20,7,100.085627875136
344,100.847198255179,4.141694625,100.985762319784,4.021694625,21,7,94.8429359548079
345,100.847198255179,4.021694625,100.985762319784,3.901694625,22,7,103.600093747527
346,100.847198255179,3.901694625,100.985762319784,3.781694625,23,7,138.967776081318
347,100.847198255179,3.781694625,100.985762319784,3.661694625,24,7,152.234375273846
348,100.847198255179,3.661694625,100.985762319784,3.541694625,25,7,NA
372,100.951121303633,6.361694625,101.089685368239,6.241694625,3,8,9.85942722628947
373,100.951121303633,6.241694625,101.089685368239,6.121694625,4,8,3.10794080001754
374,100.951121303633,6.121694625,101.089685368239,6.001694625,5,8,1.5985462812931
375,100.951121303633,6.001694625,101.089685368239,5.881694625,6,8,4.04718662020339
376,100.951121303633,5.881694625,101.089685368239,5.761694625,7,8,13.5965221864545
377,100.951121303633,5.761694625,101.089685368239,5.641694625,8,8,95.8164341053333
378,100.951121303633,5.641694625,101.089685368239,5.521694625,9,8,33.242730221678
379,100.951121303633,5.521694625,101.089685368239,5.401694625,10,8,9.88070365432973
380,100.951121303633,5.401694625,101.089685368239,5.281694625,11,8,22.0171608888636
381,100.951121303633,5.281694625,101.089685368239,5.161694625,12,8,28.9373427905189
382,100.951121303633,5.161694625,101.089685368239,5.041694625,13,8,45.8253647200739
383,100.951121303633,5.041694625,101.089685368239,4.921694625,14,8,19.6402927776949
384,100.951121303633,4.921694625,101.089685368239,4.801694625,15,8,112.619890408811
385,100.951121303633,4.801694625,101.089685368239,4.681694625,16,8,39.8743875150568
386,100.951121303633,4.681694625,101.089685368239,4.561694625,17,8,1053.54003401086
387,100.951121303633,4.561694625,101.089685368239,4.441694625,18,8,632.832980559375
388,100.951121303633,4.441694625,101.089685368239,4.321694625,19,8,219.773971621864
389,100.951121303633,4.321694625,101.089685368239,4.201694625,20,8,63.0495080644919
390,100.951121303633,4.201694625,101.089685368239,4.081694625,21,8,52.4088434667102
391,100.951121303633,4.081694625,101.089685368239,3.961694625,22,8,502.883697934919
392,100.951121303633,3.961694625,101.089685368239,3.841694625,23,8,28.6526496296761
393,100.951121303633,3.841694625,101.089685368239,3.721694625,24,8,111.372881513582
394,100.951121303633,3.721694625,101.089685368239,3.601694625,25,8,232.110960498681
395,100.951121303633,3.601694625,101.089685368239,3.481694625,26,8,188.468476970714
418,101.055044352087,6.301694625,101.193608416693,6.181694625,3,9,8.83628678930769
419,101.055044352087,6.181694625,101.193608416693,6.061694625,4,9,7.68064591611111
420,101.055044352087,6.061694625,101.193608416693,5.941694625,5,9,NA
423,101.055044352087,5.701694625,101.193608416693,5.581694625,8,9,23.49700314574
424,101.055044352087,5.581694625,101.193608416693,5.461694625,9,9,44.7149800943968
425,101.055044352087,5.461694625,101.193608416693,5.341694625,10,9,132.56884608813
426,101.055044352087,5.341694625,101.193608416693,5.221694625,11,9,16.3065239663807
427,101.055044352087,5.221694625,101.193608416693,5.101694625,12,9,9.72501642313043
428,101.055044352087,5.101694625,101.193608416693,4.981694625,13,9,8.843039366375
429,101.055044352087,4.981694625,101.193608416693,4.861694625,14,9,49.9288077776087
430,101.055044352087,4.861694625,101.193608416693,4.741694625,15,9,330.312027500452
431,101.055044352087,4.741694625,101.193608416693,4.621694625,16,9,1465.63355107733
432,101.055044352087,4.621694625,101.193608416693,4.501694625,17,9,1828.85329180092
433,101.055044352087,4.501694625,101.193608416693,4.381694625,18,9,244.742094901989
434,101.055044352087,4.381694625,101.193608416693,4.261694625,19,9,395.327848677555
435,101.055044352087,4.261694625,101.193608416693,4.141694625,20,9,76.0773022638984
436,101.055044352087,4.141694625,101.193608416693,4.021694625,21,9,169.483836835398
437,101.055044352087,4.021694625,101.193608416693,3.901694625,22,9,55.7516459440761
438,101.055044352087,3.901694625,101.193608416693,3.781694625,23,9,18.8963342607443
439,101.055044352087,3.781694625,101.193608416693,3.661694625,24,9,39.732366388625
440,101.055044352087,3.661694625,101.193608416693,3.541694625,25,9,54.8140736987853
441,101.055044352087,3.541694625,101.193608416693,3.421694625,26,9,234.833674097716
442,101.055044352087,3.421694625,101.193608416693,3.301694625,27,9,136.332090976154
469,101.158967400541,5.761694625,101.297531465147,5.641694625,8,10,0.799479811782608
470,101.158967400541,5.641694625,101.297531465147,5.521694625,9,10,4.43478322125
471,101.158967400541,5.521694625,101.297531465147,5.401694625,10,10,42.7484581715459
472,101.158967400541,5.401694625,101.297531465147,5.281694625,11,10,5.49621089159322
473,101.158967400541,5.281694625,101.297531465147,5.161694625,12,10,3.67728749802703
474,101.158967400541,5.161694625,101.297531465147,5.041694625,13,10,7.82373083707387
475,101.158967400541,5.041694625,101.297531465147,4.921694625,14,10,12.6101964823409
476,101.158967400541,4.921694625,101.297531465147,4.801694625,15,10,12.2356999347892
477,101.158967400541,4.801694625,101.297531465147,4.681694625,16,10,17.072874497435
478,101.158967400541,4.681694625,101.297531465147,4.561694625,17,10,40.3913591607676
479,101.158967400541,4.561694625,101.297531465147,4.441694625,18,10,26.5163264244943
480,101.158967400541,4.441694625,101.297531465147,4.321694625,19,10,61.8638275182557
481,101.158967400541,4.321694625,101.297531465147,4.201694625,20,10,106.039136669135
482,101.158967400541,4.201694625,101.297531465147,4.081694625,21,10,161.277527017684
483,101.158967400541,4.081694625,101.297531465147,3.961694625,22,10,69.7044076103244
484,101.158967400541,3.961694625,101.297531465147,3.841694625,23,10,24.3966525682955
485,101.158967400541,3.841694625,101.297531465147,3.721694625,24,10,19.9583756704205
486,101.158967400541,3.721694625,101.297531465147,3.601694625,25,10,10.9286198319622
487,101.158967400541,3.601694625,101.297531465147,3.481694625,26,10,17.8148512954576
488,101.158967400541,3.481694625,101.297531465147,3.361694625,27,10,211.172584453243
489,101.158967400541,3.361694625,101.297531465147,3.241694625,28,10,516.998052150484
491,101.158967400541,3.121694625,101.297531465147,3.001694625,30,10,267.22656165
492,101.158967400541,3.001694625,101.297531465147,2.881694625,31,10,276.744106600833
493,101.158967400541,2.881694625,101.297531465147,2.761694625,32,10,NA
514,101.262890448995,5.821694625,101.401454513601,5.701694625,7,11,0.684531678763889
515,101.262890448995,5.701694625,101.401454513601,5.581694625,8,11,0.905814100130682
516,101.262890448995,5.581694625,101.401454513601,5.461694625,9,11,4.95711106968649
517,101.262890448995,5.461694625,101.401454513601,5.341694625,10,11,4.11461236322727
518,101.262890448995,5.341694625,101.401454513601,5.221694625,11,11,0.938933180801137
519,101.262890448995,5.221694625,101.401454513601,5.101694625,12,11,1.62333712273913
520,101.262890448995,5.101694625,101.401454513601,4.981694625,13,11,2.6758692291875
521,101.262890448995,4.981694625,101.401454513601,4.861694625,14,11,7.15692466405406
522,101.262890448995,4.861694625,101.401454513601,4.741694625,15,11,4.28730900518182
523,101.262890448995,4.741694625,101.401454513601,4.621694625,16,11,6.29904976025
524,101.262890448995,4.621694625,101.401454513601,4.501694625,17,11,27.0775018724457
525,101.262890448995,4.501694625,101.401454513601,4.381694625,18,11,100.407149716
526,101.262890448995,4.381694625,101.401454513601,4.261694625,19,11,14.6343069927297
527,101.262890448995,4.261694625,101.401454513601,4.141694625,20,11,79.4601557307954
528,101.262890448995,4.141694625,101.401454513601,4.021694625,21,11,133.207195773523
529,101.262890448995,4.021694625,101.401454513601,3.901694625,22,11,124.84124451288
530,101.262890448995,3.901694625,101.401454513601,3.781694625,23,11,56.5227962072159
531,101.262890448995,3.781694625,101.401454513601,3.661694625,24,11,28.1041835090757
532,101.262890448995,3.661694625,101.401454513601,3.541694625,25,11,7.29214812121022
533,101.262890448995,3.541694625,101.401454513601,3.421694625,26,11,10.1681394448068
534,101.262890448995,3.421694625,101.401454513601,3.301694625,27,11,90.1476009820652
535,101.262890448995,3.301694625,101.401454513601,3.181694625,28,11,234.368096649739
536,101.262890448995,3.181694625,101.401454513601,3.061694625,29,11,745.419808608105
537,101.262890448995,3.061694625,101.401454513601,2.941694625,30,11,1063.17212384104
538,101.262890448995,2.941694625,101.401454513601,2.821694625,31,11,276.914963830655
539,101.262890448995,2.821694625,101.401454513601,2.701694625,32,11,25.4502077114286
560,101.36681349745,5.881694625,101.505377562055,5.761694625,7,12,0.577948563010101
561,101.36681349745,5.761694625,101.505377562055,5.641694625,8,12,0.650797787892046
562,101.36681349745,5.641694625,101.505377562055,5.521694625,9,12,3.28278169685796
563,101.36681349745,5.521694625,101.505377562055,5.401694625,10,12,0.944022712621621
564,101.36681349745,5.401694625,101.505377562055,5.281694625,11,12,0.495874648649717
565,101.36681349745,5.281694625,101.505377562055,5.161694625,12,12,0.687352839037838
566,101.36681349745,5.161694625,101.505377562055,5.041694625,13,12,0.455780031153409
567,101.36681349745,5.041694625,101.505377562055,4.921694625,14,12,0.828676755784091
568,101.36681349745,4.921694625,101.505377562055,4.801694625,15,12,1.55871007090811
569,101.36681349745,4.801694625,101.505377562055,4.681694625,16,12,5.83922567751978
570,101.36681349745,4.681694625,101.505377562055,4.561694625,17,12,60.2848072740324
571,101.36681349745,4.561694625,101.505377562055,4.441694625,18,12,96.9948663083296
572,101.36681349745,4.441694625,101.505377562055,4.321694625,19,12,33.6147998114773
573,101.36681349745,4.321694625,101.505377562055,4.201694625,20,12,6.94292230996217
574,101.36681349745,4.201694625,101.505377562055,4.081694625,21,12,5.73387985841808
575,101.36681349745,4.081694625,101.505377562055,3.961694625,22,12,11.9022463373676
576,101.36681349745,3.961694625,101.505377562055,3.841694625,23,12,47.4790738771534
577,101.36681349745,3.841694625,101.505377562055,3.721694625,24,12,141.066616191818
578,101.36681349745,3.721694625,101.505377562055,3.601694625,25,12,41.0915660440541
579,101.36681349745,3.601694625,101.505377562055,3.481694625,26,12,13.3102351145876
580,101.36681349745,3.481694625,101.505377562055,3.361694625,27,12,155.470307050287
581,101.36681349745,3.361694625,101.505377562055,3.241694625,28,12,441.626739471875
582,101.36681349745,3.241694625,101.505377562055,3.121694625,29,12,873.888256976761
583,101.36681349745,3.121694625,101.505377562055,3.001694625,30,12,2800.2664780227
584,101.36681349745,3.001694625,101.505377562055,2.881694625,31,12,1198.00874957503
585,101.36681349745,2.881694625,101.505377562055,2.761694625,32,12,245.056986904335
586,101.36681349745,2.761694625,101.505377562055,2.641694625,33,12,140.416184939231
605,101.470736545904,5.941694625,101.609300610509,5.821694625,6,13,1.08479281394017
606,101.470736545904,5.821694625,101.609300610509,5.701694625,7,13,0.571858933010811
607,101.470736545904,5.701694625,101.609300610509,5.581694625,8,13,1.612713827
608,101.470736545904,5.581694625,101.609300610509,5.461694625,9,13,0.783583242690218
609,101.470736545904,5.461694625,101.609300610509,5.341694625,10,13,0.267418084795454
610,101.470736545904,5.341694625,101.609300610509,5.221694625,11,13,0.407359416647727
611,101.470736545904,5.221694625,101.609300610509,5.101694625,12,13,0.909501445713513
612,101.470736545904,5.101694625,101.609300610509,4.981694625,13,13,1.36537961019886
613,101.470736545904,4.981694625,101.609300610509,4.861694625,14,13,1.32049171914674
614,101.470736545904,4.861694625,101.609300610509,4.741694625,15,13,2.4307251555625
615,101.470736545904,4.741694625,101.609300610509,4.621694625,16,13,12.1177244865057
616,101.470736545904,4.621694625,101.609300610509,4.501694625,17,13,6.52267364687027
617,101.470736545904,4.501694625,101.609300610509,4.381694625,18,13,12.9799186021591
618,101.470736545904,4.381694625,101.609300610509,4.261694625,19,13,9.57021144428261
619,101.470736545904,4.261694625,101.609300610509,4.141694625,20,13,8.35457090365341
620,101.470736545904,4.141694625,101.609300610509,4.021694625,21,13,5.08275260034091
621,101.470736545904,4.021694625,101.609300610509,3.901694625,22,13,8.01984566728108
622,101.470736545904,3.901694625,101.609300610509,3.781694625,23,13,18.954337293892
623,101.470736545904,3.781694625,101.609300610509,3.661694625,24,13,276.499991788212
624,101.470736545904,3.661694625,101.609300610509,3.541694625,25,13,99.9305029968863
625,101.470736545904,3.541694625,101.609300610509,3.421694625,26,13,98.2551771325738
626,101.470736545904,3.421694625,101.609300610509,3.301694625,27,13,955.466580960163
627,101.470736545904,3.301694625,101.609300610509,3.181694625,28,13,1945.14477590511
628,101.470736545904,3.181694625,101.609300610509,3.061694625,29,13,3855.38075323804
629,101.470736545904,3.061694625,101.609300610509,2.941694625,30,13,3413.92895193807
630,101.470736545904,2.941694625,101.609300610509,2.821694625,31,13,324.251936523636
631,101.470736545904,2.821694625,101.609300610509,2.701694625,32,13,150.386447464649
632,101.470736545904,2.701694625,101.609300610509,2.581694625,33,13,248.146359266818
651,101.574659594358,6.001694625,101.713223658963,5.881694625,6,14,7.99820833711111
652,101.574659594358,5.881694625,101.713223658963,5.761694625,7,14,3.25636221252817
653,101.574659594358,5.761694625,101.713223658963,5.641694625,8,14,6.25563546134091
654,101.574659594358,5.641694625,101.713223658963,5.521694625,9,14,6.2586184761017
655,101.574659594358,5.521694625,101.713223658963,5.401694625,10,14,0.306518107810811
656,101.574659594358,5.401694625,101.713223658963,5.281694625,11,14,0.542754128164773
657,101.574659594358,5.281694625,101.713223658963,5.161694625,12,14,1.3302156125946
658,101.574659594358,5.161694625,101.713223658963,5.041694625,13,14,1.55209876189773
659,101.574659594358,5.041694625,101.713223658963,4.921694625,14,14,1.49185540685876
660,101.574659594358,4.921694625,101.713223658963,4.801694625,15,14,2.18704870714054
661,101.574659594358,4.801694625,101.713223658963,4.681694625,16,14,5.65683465239773
662,101.574659594358,4.681694625,101.713223658963,4.561694625,17,14,3.12841802994054
663,101.574659594358,4.561694625,101.713223658963,4.441694625,18,14,4.01419723171591
664,101.574659594358,4.441694625,101.713223658963,4.321694625,19,14,8.05457688729944
665,101.574659594358,4.321694625,101.713223658963,4.201694625,20,14,9.48262950556216
666,101.574659594358,4.201694625,101.713223658963,4.081694625,21,14,7.46055824936931
667,101.574659594358,4.081694625,101.713223658963,3.961694625,22,14,14.9351421346162
668,101.574659594358,3.961694625,101.713223658963,3.841694625,23,14,5.150965589
669,101.574659594358,3.841694625,101.713223658963,3.721694625,24,14,3.18892992280791
670,101.574659594358,3.721694625,101.713223658963,3.601694625,25,14,8.50571178102703
671,101.574659594358,3.601694625,101.713223658963,3.481694625,26,14,210.226915542199
672,101.574659594358,3.481694625,101.713223658963,3.361694625,27,14,406.616004131838
673,101.574659594358,3.361694625,101.713223658963,3.241694625,28,14,1169.95717543432
674,101.574659594358,3.241694625,101.713223658963,3.121694625,29,14,6227.3435911904
675,101.574659594358,3.121694625,101.713223658963,3.001694625,30,14,6479.37097234649
676,101.574659594358,3.001694625,101.713223658963,2.881694625,31,14,1955.00669880795
677,101.574659594358,2.881694625,101.713223658963,2.761694625,32,14,422.432257374973
678,101.574659594358,2.761694625,101.713223658963,2.641694625,33,14,89.1739475631705
679,101.574659594358,2.641694625,101.713223658963,2.521694625,34,14,196.976143118788
698,101.678582642812,5.821694625,101.817146707418,5.701694625,7,15,42.7771491592816
699,101.678582642812,5.701694625,101.817146707418,5.581694625,8,15,27.8753881040341
700,101.678582642812,5.581694625,101.817146707418,5.461694625,9,15,2.75655091405978
701,101.678582642812,5.461694625,101.817146707418,5.341694625,10,15,1.75782819699432
702,101.678582642812,5.341694625,101.817146707418,5.221694625,11,15,1.11070597394318
703,101.678582642812,5.221694625,101.817146707418,5.101694625,12,15,1.7716515444
704,101.678582642812,5.101694625,101.817146707418,4.981694625,13,15,2.85314163429545
705,101.678582642812,4.981694625,101.817146707418,4.861694625,14,15,9.63917874622283
706,101.678582642812,4.861694625,101.817146707418,4.741694625,15,15,8.45875893119887
707,101.678582642812,4.741694625,101.817146707418,4.621694625,16,15,6.31645671009091
708,101.678582642812,4.621694625,101.817146707418,4.501694625,17,15,1.59664185981622
709,101.678582642812,4.501694625,101.817146707418,4.381694625,18,15,5.75310114361364
710,101.678582642812,4.381694625,101.817146707418,4.261694625,19,15,14.2150823419619
711,101.678582642812,4.261694625,101.817146707418,4.141694625,20,15,27.5346024625284
712,101.678582642812,4.141694625,101.817146707418,4.021694625,21,15,25.8083010431932
713,101.678582642812,4.021694625,101.817146707418,3.901694625,22,15,36.0758225322486
714,101.678582642812,3.901694625,101.817146707418,3.781694625,23,15,6.22825568305114
715,101.678582642812,3.781694625,101.817146707418,3.661694625,24,15,12.1361014865435
716,101.678582642812,3.661694625,101.817146707418,3.541694625,25,15,9.02602144935795
717,101.678582642812,3.541694625,101.817146707418,3.421694625,26,15,30.3945446773125
718,101.678582642812,3.421694625,101.817146707418,3.301694625,27,15,144.061907743568
719,101.678582642812,3.301694625,101.817146707418,3.181694625,28,15,3412.55046372046
720,101.678582642812,3.181694625,101.817146707418,3.061694625,29,15,7036.60381217717
721,101.678582642812,3.061694625,101.817146707418,2.941694625,30,15,4767.59839385795
722,101.678582642812,2.941694625,101.817146707418,2.821694625,31,15,1084.75308642273
723,101.678582642812,2.821694625,101.817146707418,2.701694625,32,15,547.263115922379
724,101.678582642812,2.701694625,101.817146707418,2.581694625,33,15,190.896031391867
725,101.678582642812,2.581694625,101.817146707418,2.461694625,34,15,1307.521827695
744,101.782505691266,5.881694625,101.921069755872,5.761694625,7,16,163.885120103485
745,101.782505691266,5.761694625,101.921069755872,5.641694625,8,16,99.7370951647429
746,101.782505691266,5.641694625,101.921069755872,5.521694625,9,16,21.7317715454716
747,101.782505691266,5.521694625,101.921069755872,5.401694625,10,16,20.6909264431297
748,101.782505691266,5.401694625,101.921069755872,5.281694625,11,16,2.90910626207955
749,101.782505691266,5.281694625,101.921069755872,5.161694625,12,16,2.65371178610811
750,101.782505691266,5.161694625,101.921069755872,5.041694625,13,16,3.79489073644633
751,101.782505691266,5.041694625,101.921069755872,4.921694625,14,16,7.15738692815341
752,101.782505691266,4.921694625,101.921069755872,4.801694625,15,16,15.4857907444
753,101.782505691266,4.801694625,101.921069755872,4.681694625,16,16,6.322953096875
754,101.782505691266,4.681694625,101.921069755872,4.561694625,17,16,4.85620907577297
755,101.782505691266,4.561694625,101.921069755872,4.441694625,18,16,2.83242955246893
756,101.782505691266,4.441694625,101.921069755872,4.321694625,19,16,6.71911155090909
757,101.782505691266,4.321694625,101.921069755872,4.201694625,20,16,26.4335011919189
758,101.782505691266,4.201694625,101.921069755872,4.081694625,21,16,11.0377544191818
759,101.782505691266,4.081694625,101.921069755872,3.961694625,22,16,18.9699658266865
760,101.782505691266,3.961694625,101.921069755872,3.841694625,23,16,66.0422966478531
761,101.782505691266,3.841694625,101.921069755872,3.721694625,24,16,238.234756807068
762,101.782505691266,3.721694625,101.921069755872,3.601694625,25,16,45.028046474373
763,101.782505691266,3.601694625,101.921069755872,3.481694625,26,16,103.755724946852
764,101.782505691266,3.481694625,101.921069755872,3.361694625,27,16,79.9809971123243
765,101.782505691266,3.361694625,101.921069755872,3.241694625,28,16,56.7693099375706
766,101.782505691266,3.241694625,101.921069755872,3.121694625,29,16,143.486663134318
767,101.782505691266,3.121694625,101.921069755872,3.001694625,30,16,542.568608590735
768,101.782505691266,3.001694625,101.921069755872,2.881694625,31,16,1247.32736706835
769,101.782505691266,2.881694625,101.921069755872,2.761694625,32,16,485.289475426703
770,101.782505691266,2.761694625,101.921069755872,2.641694625,33,16,659.043521722034
771,101.782505691266,2.641694625,101.921069755872,2.521694625,34,16,229.066322519148
772,101.782505691266,2.521694625,101.921069755872,2.401694625,35,16,523.343482432451
773,101.782505691266,2.401694625,101.921069755872,2.281694625,36,16,NA
788,101.88642873972,6.061694625,102.024992804326,5.941694625,5,17,255.570333325185
789,101.88642873972,5.941694625,102.024992804326,5.821694625,6,17,90.9229781210484
790,101.88642873972,5.821694625,102.024992804326,5.701694625,7,17,72.8431317536413
791,101.88642873972,5.701694625,102.024992804326,5.581694625,8,17,13.7651442610398
792,101.88642873972,5.581694625,102.024992804326,5.461694625,9,17,14.9492825044973
793,101.88642873972,5.461694625,102.024992804326,5.341694625,10,17,25.3692430504318
794,101.88642873972,5.341694625,102.024992804326,5.221694625,11,17,16.9535784739091
795,101.88642873972,5.221694625,102.024992804326,5.101694625,12,17,17.7702201576522
796,101.88642873972,5.101694625,102.024992804326,4.981694625,13,17,12.4657570286591
797,101.88642873972,4.981694625,102.024992804326,4.861694625,14,17,98.9053672672973
798,101.88642873972,4.861694625,102.024992804326,4.741694625,15,17,87.6826609587614
799,101.88642873972,4.741694625,102.024992804326,4.621694625,16,17,12.748860475892
800,101.88642873972,4.621694625,102.024992804326,4.501694625,17,17,10.6909396582935
801,101.88642873972,4.501694625,102.024992804326,4.381694625,18,17,12.5756838326875
802,101.88642873972,4.381694625,102.024992804326,4.261694625,19,17,34.4722395382595
803,101.88642873972,4.261694625,102.024992804326,4.141694625,20,17,54.7812525084659
804,101.88642873972,4.141694625,102.024992804326,4.021694625,21,17,45.8379518803182
805,101.88642873972,4.021694625,102.024992804326,3.901694625,22,17,55.7568758100543
806,101.88642873972,3.901694625,102.024992804326,3.781694625,23,17,83.618202373392
807,101.88642873972,3.781694625,102.024992804326,3.661694625,24,17,47.0998693221622
808,101.88642873972,3.661694625,102.024992804326,3.541694625,25,17,49.7627561903977
809,101.88642873972,3.541694625,102.024992804326,3.421694625,26,17,202.970581293625
810,101.88642873972,3.421694625,102.024992804326,3.301694625,27,17,11.2919825110489
811,101.88642873972,3.301694625,102.024992804326,3.181694625,28,17,11.3770918953295
812,101.88642873972,3.181694625,102.024992804326,3.061694625,29,17,15.8015060668973
813,101.88642873972,3.061694625,102.024992804326,2.941694625,30,17,15.7357778794489
814,101.88642873972,2.941694625,102.024992804326,2.821694625,31,17,74.05375375
815,101.88642873972,2.821694625,102.024992804326,2.701694625,32,17,1339.51073212302
816,101.88642873972,2.701694625,102.024992804326,2.581694625,33,17,1108.93756107557
817,101.88642873972,2.581694625,102.024992804326,2.461694625,34,17,65.5343399212432
818,101.88642873972,2.461694625,102.024992804326,2.341694625,35,17,141.874085410588
819,101.88642873972,2.341694625,102.024992804326,2.221694625,36,17,NA
832,101.990351788174,6.361694625,102.12891585278,6.241694625,3,18,496.1968384
833,101.990351788174,6.241694625,102.12891585278,6.121694625,4,18,530.312717925
834,101.990351788174,6.121694625,102.12891585278,6.001694625,5,18,293.886685403465
835,101.990351788174,6.001694625,102.12891585278,5.881694625,6,18,99.0300876156818
836,101.990351788174,5.881694625,102.12891585278,5.761694625,7,18,173.467444715297
837,101.990351788174,5.761694625,102.12891585278,5.641694625,8,18,83.4618629320455
838,101.990351788174,5.641694625,102.12891585278,5.521694625,9,18,15.348976184142
839,101.990351788174,5.521694625,102.12891585278,5.401694625,10,18,9.27452081082703
840,101.990351788174,5.401694625,102.12891585278,5.281694625,11,18,24.0934904330284
841,101.990351788174,5.281694625,102.12891585278,5.161694625,12,18,19.0239683359081
842,101.990351788174,5.161694625,102.12891585278,5.041694625,13,18,21.9385695180568
843,101.990351788174,5.041694625,102.12891585278,4.921694625,14,18,26.0298468149545
844,101.990351788174,4.921694625,102.12891585278,4.801694625,15,18,15.725976121427
845,101.990351788174,4.801694625,102.12891585278,4.681694625,16,18,8.99340350930114
846,101.990351788174,4.681694625,102.12891585278,4.561694625,17,18,5.8177160771946
847,101.990351788174,4.561694625,102.12891585278,4.441694625,18,18,4.91046111688636
848,101.990351788174,4.441694625,102.12891585278,4.321694625,19,18,9.60792751889773
849,101.990351788174,4.321694625,102.12891585278,4.201694625,20,18,15.6684442054054
850,101.990351788174,4.201694625,102.12891585278,4.081694625,21,18,155.105804674489
851,101.990351788174,4.081694625,102.12891585278,3.961694625,22,18,22.876284179254
852,101.990351788174,3.961694625,102.12891585278,3.841694625,23,18,7.76338487176704
853,101.990351788174,3.841694625,102.12891585278,3.721694625,24,18,12.1438841988352
854,101.990351788174,3.721694625,102.12891585278,3.601694625,25,18,12.0113139034973
855,101.990351788174,3.601694625,102.12891585278,3.481694625,26,18,31.3226585520511
856,101.990351788174,3.481694625,102.12891585278,3.361694625,27,18,96.4731742508649
857,101.990351788174,3.361694625,102.12891585278,3.241694625,28,18,28.1505411969261
858,101.990351788174,3.241694625,102.12891585278,3.121694625,29,18,7.52774923643182
859,101.990351788174,3.121694625,102.12891585278,3.001694625,30,18,30.0759265287027
860,101.990351788174,3.001694625,102.12891585278,2.881694625,31,18,85.1934764286477
861,101.990351788174,2.881694625,102.12891585278,2.761694625,32,18,10.8622671603568
862,101.990351788174,2.761694625,102.12891585278,2.641694625,33,18,351.706932657693
863,101.990351788174,2.641694625,102.12891585278,2.521694625,34,18,208.283949471704
864,101.990351788174,2.521694625,102.12891585278,2.401694625,35,18,78.0082301275135
865,101.990351788174,2.401694625,102.12891585278,2.281694625,36,18,680.594239838291
866,101.990351788174,2.281694625,102.12891585278,2.161694625,37,18,741.0536499
878,102.094274836629,6.301694625,102.232838901234,6.181694625,3,19,854.268842644
879,102.094274836629,6.181694625,102.232838901234,6.061694625,4,19,748.487682798369
880,102.094274836629,6.061694625,102.232838901234,5.941694625,5,19,538.605989052373
881,102.094274836629,5.941694625,102.232838901234,5.821694625,6,19,245.15721346858
882,102.094274836629,5.821694625,102.232838901234,5.701694625,7,19,445.918943368162
883,102.094274836629,5.701694625,102.232838901234,5.581694625,8,19,134.958960456534
884,102.094274836629,5.581694625,102.232838901234,5.461694625,9,19,170.974513650918
885,102.094274836629,5.461694625,102.232838901234,5.341694625,10,19,20.5226381538418
886,102.094274836629,5.341694625,102.232838901234,5.221694625,11,19,23.6311464363693
887,102.094274836629,5.221694625,102.232838901234,5.101694625,12,19,16.6663377092162
888,102.094274836629,5.101694625,102.232838901234,4.981694625,13,19,16.6134399662102
889,102.094274836629,4.981694625,102.232838901234,4.861694625,14,19,23.2239713871685
890,102.094274836629,4.861694625,102.232838901234,4.741694625,15,19,6.14701365421469
891,102.094274836629,4.741694625,102.232838901234,4.621694625,16,19,2.23895324323296
892,102.094274836629,4.621694625,102.232838901234,4.501694625,17,19,1.71004136995676
893,102.094274836629,4.501694625,102.232838901234,4.381694625,18,19,1.57512883707386
894,102.094274836629,4.381694625,102.232838901234,4.261694625,19,19,5.30832673025543
895,102.094274836629,4.261694625,102.232838901234,4.141694625,20,19,11.0658193863785
896,102.094274836629,4.141694625,102.232838901234,4.021694625,21,19,12.9904473482784
897,102.094274836629,4.021694625,102.232838901234,3.901694625,22,19,27.4757299734811
898,102.094274836629,3.901694625,102.232838901234,3.781694625,23,19,12.9068457063239
899,102.094274836629,3.781694625,102.232838901234,3.661694625,24,19,3.95002688922283
900,102.094274836629,3.661694625,102.232838901234,3.541694625,25,19,13.0117615523164
901,102.094274836629,3.541694625,102.232838901234,3.421694625,26,19,55.5226424173295
902,102.094274836629,3.421694625,102.232838901234,3.301694625,27,19,11.1426177307892
903,102.094274836629,3.301694625,102.232838901234,3.181694625,28,19,27.0911138981136
904,102.094274836629,3.181694625,102.232838901234,3.061694625,29,19,19.5201837438533
905,102.094274836629,3.061694625,102.232838901234,2.941694625,30,19,25.2663338832994
906,102.094274836629,2.941694625,102.232838901234,2.821694625,31,19,11.6648786122273
907,102.094274836629,2.821694625,102.232838901234,2.701694625,32,19,49.8967684970432
908,102.094274836629,2.701694625,102.232838901234,2.581694625,33,19,25.0076497169489
909,102.094274836629,2.581694625,102.232838901234,2.461694625,34,19,81.1980330167989
910,102.094274836629,2.461694625,102.232838901234,2.341694625,35,19,308.392409156723
911,102.094274836629,2.341694625,102.232838901234,2.221694625,36,19,927.457315394826
912,102.094274836629,2.221694625,102.232838901234,2.101694625,37,19,2008.5082093125
925,102.198197885083,6.241694625,102.336761949688,6.121694625,4,20,1783.55380502083
926,102.198197885083,6.121694625,102.336761949688,6.001694625,5,20,1511.09050208919
927,102.198197885083,6.001694625,102.336761949688,5.881694625,6,20,592.463780576193
928,102.198197885083,5.881694625,102.336761949688,5.761694625,7,20,201.836016798424
929,102.198197885083,5.761694625,102.336761949688,5.641694625,8,20,97.2433528174261
930,102.198197885083,5.641694625,102.336761949688,5.521694625,9,20,88.9652395795455
931,102.198197885083,5.521694625,102.336761949688,5.401694625,10,20,83.8640067215676
932,102.198197885083,5.401694625,102.336761949688,5.281694625,11,20,93.00383720625
933,102.198197885083,5.281694625,102.336761949688,5.161694625,12,20,24.8201409966087
934,102.198197885083,5.161694625,102.336761949688,5.041694625,13,20,13.330452865108
935,102.198197885083,5.041694625,102.336761949688,4.921694625,14,20,25.8123620292046
936,102.198197885083,4.921694625,102.336761949688,4.801694625,15,20,11.8878557516
937,102.198197885083,4.801694625,102.336761949688,4.681694625,16,20,7.88867802518182
938,102.198197885083,4.681694625,102.336761949688,4.561694625,17,20,4.44899851708696
939,102.198197885083,4.561694625,102.336761949688,4.441694625,18,20,1.10965821078977
940,102.198197885083,4.441694625,102.336761949688,4.321694625,19,20,1.19533636997727
941,102.198197885083,4.321694625,102.336761949688,4.201694625,20,20,2.05868899531351
942,102.198197885083,4.201694625,102.336761949688,4.081694625,21,20,8.09832874884091
943,102.198197885083,4.081694625,102.336761949688,3.961694625,22,20,13.7499454541087
944,102.198197885083,3.961694625,102.336761949688,3.841694625,23,20,23.4679174695455
945,102.198197885083,3.841694625,102.336761949688,3.721694625,24,20,17.0613093372955
946,102.198197885083,3.721694625,102.336761949688,3.601694625,25,20,18.4184354032324
947,102.198197885083,3.601694625,102.336761949688,3.481694625,26,20,56.4874106698295
948,102.198197885083,3.481694625,102.336761949688,3.361694625,27,20,17.5277486469511
949,102.198197885083,3.361694625,102.336761949688,3.241694625,28,20,22.8437335971307
950,102.198197885083,3.241694625,102.336761949688,3.121694625,29,20,40.6954882625625
951,102.198197885083,3.121694625,102.336761949688,3.001694625,30,20,26.9130163419784
952,102.198197885083,3.001694625,102.336761949688,2.881694625,31,20,46.954795266017
953,102.198197885083,2.881694625,102.336761949688,2.761694625,32,20,95.1649173177717
954,102.198197885083,2.761694625,102.336761949688,2.641694625,33,20,157.516418383011
955,102.198197885083,2.641694625,102.336761949688,2.521694625,34,20,36.3286522524488
956,102.198197885083,2.521694625,102.336761949688,2.401694625,35,20,309.066165802481
957,102.198197885083,2.401694625,102.336761949688,2.281694625,36,20,418.098135255079
958,102.198197885083,2.281694625,102.336761949688,2.161694625,37,20,3023.0392267092
959,102.198197885083,2.161694625,102.336761949688,2.041694625,38,20,NA
970,102.302120933537,6.301694625,102.440684998142,6.181694625,3,21,NA
971,102.302120933537,6.181694625,102.440684998142,6.061694625,4,21,814.953315817476
972,102.302120933537,6.061694625,102.440684998142,5.941694625,5,21,450.227132290132
973,102.302120933537,5.941694625,102.440684998142,5.821694625,6,21,352.09772321983
974,102.302120933537,5.821694625,102.440684998142,5.701694625,7,21,140.276315570216
975,102.302120933537,5.701694625,102.440684998142,5.581694625,8,21,8.26801684638636
976,102.302120933537,5.581694625,102.440684998142,5.461694625,9,21,9.93851343607568
977,102.302120933537,5.461694625,102.440684998142,5.341694625,10,21,24.4602389756591
978,102.302120933537,5.341694625,102.440684998142,5.221694625,11,21,7.69885013149152
979,102.302120933537,5.221694625,102.440684998142,5.101694625,12,21,2.38445853858378
980,102.302120933537,5.101694625,102.440684998142,4.981694625,13,21,5.01777824183522
981,102.302120933537,4.981694625,102.440684998142,4.861694625,14,21,11.0195281723189
982,102.302120933537,4.861694625,102.440684998142,4.741694625,15,21,5.36434451143182
983,102.302120933537,4.741694625,102.440684998142,4.621694625,16,21,1.09635175670057
984,102.302120933537,4.621694625,102.440684998142,4.501694625,17,21,0.620327571124325
985,102.302120933537,4.501694625,102.440684998142,4.381694625,18,21,3.77647950269318
986,102.302120933537,4.381694625,102.440684998142,4.261694625,19,21,10.2743715312108
987,102.302120933537,4.261694625,102.440684998142,4.141694625,20,21,7.31789537447727
988,102.302120933537,4.141694625,102.440684998142,4.021694625,21,21,25.6132688937062
989,102.302120933537,4.021694625,102.440684998142,3.901694625,22,21,248.3917970068
990,102.302120933537,3.901694625,102.440684998142,3.781694625,23,21,43.3926674839375
991,102.302120933537,3.781694625,102.440684998142,3.661694625,24,21,66.4844493847567
992,102.302120933537,3.661694625,102.440684998142,3.541694625,25,21,46.1483401545455
993,102.302120933537,3.541694625,102.440684998142,3.421694625,26,21,575.007326549661
994,102.302120933537,3.421694625,102.440684998142,3.301694625,27,21,43.1161492997297
995,102.302120933537,3.301694625,102.440684998142,3.181694625,28,21,135.596025004205
996,102.302120933537,3.181694625,102.440684998142,3.061694625,29,21,75.2763970735297
997,102.302120933537,3.061694625,102.440684998142,2.941694625,30,21,24.4934732048523
998,102.302120933537,2.941694625,102.440684998142,2.821694625,31,21,114.425358560339
999,102.302120933537,2.821694625,102.440684998142,2.701694625,32,21,184.139536618973
1000,102.302120933537,2.701694625,102.440684998142,2.581694625,33,21,46.7584547024773
1001,102.302120933537,2.581694625,102.440684998142,2.461694625,34,21,94.7941222022054
1002,102.302120933537,2.461694625,102.440684998142,2.341694625,35,21,102.839946865852
1003,102.302120933537,2.341694625,102.440684998142,2.221694625,36,21,284.95038422
1004,102.302120933537,2.221694625,102.440684998142,2.101694625,37,21,696.747077619154
1019,102.406043981991,6.001694625,102.544608046596,5.881694625,6,22,231.005484915435
1020,102.406043981991,5.881694625,102.544608046596,5.761694625,7,22,254.788586849556
1021,102.406043981991,5.761694625,102.544608046596,5.641694625,8,22,247.457350476875
1022,102.406043981991,5.641694625,102.544608046596,5.521694625,9,22,50.1138625972955
1023,102.406043981991,5.521694625,102.544608046596,5.401694625,10,22,15.7785145104293
1024,102.406043981991,5.401694625,102.544608046596,5.281694625,11,22,1.32695694563068
1025,102.406043981991,5.281694625,102.544608046596,5.161694625,12,22,0.0471597101576087
1026,102.406043981991,5.161694625,102.544608046596,5.041694625,13,22,0.929569141806818
1027,102.406043981991,5.041694625,102.544608046596,4.921694625,14,22,7.16787952124432
1028,102.406043981991,4.921694625,102.544608046596,4.801694625,15,22,2.95059176741848
1029,102.406043981991,4.801694625,102.544608046596,4.681694625,16,22,0.699471479909091
1030,102.406043981991,4.681694625,102.544608046596,4.561694625,17,22,0.338260769054348
1031,102.406043981991,4.561694625,102.544608046596,4.441694625,18,22,1.86585701560795
1032,102.406043981991,4.441694625,102.544608046596,4.321694625,19,22,2.43752771635795
1033,102.406043981991,4.321694625,102.544608046596,4.201694625,20,22,1.92989548282609
1034,102.406043981991,4.201694625,102.544608046596,4.081694625,21,22,2.09319124216477
1035,102.406043981991,4.081694625,102.544608046596,3.961694625,22,22,12.3400278195
1036,102.406043981991,3.961694625,102.544608046596,3.841694625,23,22,61.51230945375
1037,102.406043981991,3.841694625,102.544608046596,3.721694625,24,22,61.8880073793409
1038,102.406043981991,3.721694625,102.544608046596,3.601694625,25,22,31.8386476972283
1039,102.406043981991,3.601694625,102.544608046596,3.481694625,26,22,61.5048438192557
1040,102.406043981991,3.481694625,102.544608046596,3.361694625,27,22,171.180359402663
1041,102.406043981991,3.361694625,102.544608046596,3.241694625,28,22,157.0588124275
1042,102.406043981991,3.241694625,102.544608046596,3.121694625,29,22,33.5369531288068
1043,102.406043981991,3.121694625,102.544608046596,3.001694625,30,22,29.7886564422283
1044,102.406043981991,3.001694625,102.544608046596,2.881694625,31,22,54.969461773125
1045,102.406043981991,2.881694625,102.544608046596,2.761694625,32,22,56.9084740409783
1046,102.406043981991,2.761694625,102.544608046596,2.641694625,33,22,62.9415021815341
1047,102.406043981991,2.641694625,102.544608046596,2.521694625,34,22,41.7469143320455
1048,102.406043981991,2.521694625,102.544608046596,2.401694625,35,22,70.8224931588587
1049,102.406043981991,2.401694625,102.544608046596,2.281694625,36,22,163.351013932045
1050,102.406043981991,2.281694625,102.544608046596,2.161694625,37,22,118.151855225217
1051,102.406043981991,2.161694625,102.544608046596,2.041694625,38,22,381.779842215634
1065,102.509967030445,5.941694625,102.648531095051,5.821694625,6,23,1168.33795301667
1066,102.509967030445,5.821694625,102.648531095051,5.701694625,7,23,381.064823796011
1067,102.509967030445,5.701694625,102.648531095051,5.581694625,8,23,97.7405631762898
1068,102.509967030445,5.581694625,102.648531095051,5.461694625,9,23,6.97491353218919
1069,102.509967030445,5.461694625,102.648531095051,5.341694625,10,23,1.40982315848588
1070,102.509967030445,5.341694625,102.648531095051,5.221694625,11,23,0.00269799203977273
1071,102.509967030445,5.221694625,102.648531095051,5.101694625,12,23,0.0248304961783784
1072,102.509967030445,5.101694625,102.648531095051,4.981694625,13,23,0.0121300696666667
1073,102.509967030445,4.981694625,102.648531095051,4.861694625,14,23,0.20384939938674
1074,102.509967030445,4.861694625,102.648531095051,4.741694625,15,23,0.48265886561017
1075,102.509967030445,4.741694625,102.648531095051,4.621694625,16,23,0.269377017977273
1076,102.509967030445,4.621694625,102.648531095051,4.501694625,17,23,0.974712737508108
1077,102.509967030445,4.501694625,102.648531095051,4.381694625,18,23,1.059574563875
1078,102.509967030445,4.381694625,102.648531095051,4.261694625,19,23,0.557684549745946
1079,102.509967030445,4.261694625,102.648531095051,4.141694625,20,23,1.1642565430452
1080,102.509967030445,4.141694625,102.648531095051,4.021694625,21,23,2.29713427784091
1081,102.509967030445,4.021694625,102.648531095051,3.901694625,22,23,20.1910115889135
1082,102.509967030445,3.901694625,102.648531095051,3.781694625,23,23,44.754043405625
1083,102.509967030445,3.781694625,102.648531095051,3.661694625,24,23,160.972457203081
1084,102.509967030445,3.661694625,102.648531095051,3.541694625,25,23,39.7822033722034
1085,102.509967030445,3.541694625,102.648531095051,3.421694625,26,23,79.3954745305114
1086,102.509967030445,3.421694625,102.648531095051,3.301694625,27,23,43.3255283875135
1087,102.509967030445,3.301694625,102.648531095051,3.181694625,28,23,45.1032275834659
1088,102.509967030445,3.181694625,102.648531095051,3.061694625,29,23,21.1339397535135
1089,102.509967030445,3.061694625,102.648531095051,2.941694625,30,23,22.2506984240678
1090,102.509967030445,2.941694625,102.648531095051,2.821694625,31,23,29.1267324680682
1091,102.509967030445,2.821694625,102.648531095051,2.701694625,32,23,25.9860519868649
1092,102.509967030445,2.701694625,102.648531095051,2.581694625,33,23,88.8076881769318
1093,102.509967030445,2.581694625,102.648531095051,2.461694625,34,23,77.7004104538324
1094,102.509967030445,2.461694625,102.648531095051,2.341694625,35,23,40.7781482679661
1095,102.509967030445,2.341694625,102.648531095051,2.221694625,36,23,261.423799324205
1096,102.509967030445,2.221694625,102.648531095051,2.101694625,37,23,193.49418449054
1097,102.509967030445,2.101694625,102.648531095051,1.981694625,38,23,1299.6031451975
1098,102.509967030445,1.981694625,102.648531095051,1.861694625,39,23,249.4330864
1112,102.613890078899,5.881694625,102.752454143505,5.761694625,7,24,56.64226913
1113,102.613890078899,5.761694625,102.752454143505,5.641694625,8,24,77.8369651764957
1114,102.613890078899,5.641694625,102.752454143505,5.521694625,9,24,39.2154924026836
1115,102.613890078899,5.521694625,102.752454143505,5.401694625,10,24,5.86004910064131
1116,102.613890078899,5.401694625,102.752454143505,5.281694625,11,24,1.24197457233523
1117,102.613890078899,5.281694625,102.752454143505,5.161694625,12,24,0.3147564845
1118,102.613890078899,5.161694625,102.752454143505,5.041694625,13,24,0.00453023025714286
1119,102.613890078899,5.041694625,102.752454143505,4.921694625,14,24,0.00122189170440252
1120,102.613890078899,4.921694625,102.752454143505,4.801694625,15,24,0.0396059015245902
1121,102.613890078899,4.801694625,102.752454143505,4.681694625,16,24,0.181836197238636
1122,102.613890078899,4.681694625,102.752454143505,4.561694625,17,24,0.22334697626087
1123,102.613890078899,4.561694625,102.752454143505,4.441694625,18,24,1.45722809872159
1124,102.613890078899,4.441694625,102.752454143505,4.321694625,19,24,0.38751104859887
1125,102.613890078899,4.321694625,102.752454143505,4.201694625,20,24,0.426260428652174
1126,102.613890078899,4.201694625,102.752454143505,4.081694625,21,24,0.6159028129375
1127,102.613890078899,4.081694625,102.752454143505,3.961694625,22,24,6.57888096892392
1128,102.613890078899,3.961694625,102.752454143505,3.841694625,23,24,18.5399906471421
1129,102.613890078899,3.841694625,102.752454143505,3.721694625,24,24,30.1508023020509
1130,102.613890078899,3.721694625,102.752454143505,3.601694625,25,24,39.2747382199457
1131,102.613890078899,3.601694625,102.752454143505,3.481694625,26,24,55.5778347951705
1132,102.613890078899,3.481694625,102.752454143505,3.361694625,27,24,20.1763497257826
1133,102.613890078899,3.361694625,102.752454143505,3.241694625,28,24,16.6828508782443
1134,102.613890078899,3.241694625,102.752454143505,3.121694625,29,24,9.16633892069492
1135,102.613890078899,3.121694625,102.752454143505,3.001694625,30,24,16.3683524416087
1136,102.613890078899,3.001694625,102.752454143505,2.881694625,31,24,26.037335129625
1137,102.613890078899,2.881694625,102.752454143505,2.761694625,32,24,26.5065126111957
1138,102.613890078899,2.761694625,102.752454143505,2.641694625,33,24,36.5093004764659
1139,102.613890078899,2.641694625,102.752454143505,2.521694625,34,24,97.6714333079661
1140,102.613890078899,2.521694625,102.752454143505,2.401694625,35,24,82.5357977078261
1141,102.613890078899,2.401694625,102.752454143505,2.281694625,36,24,40.9330063841477
1142,102.613890078899,2.281694625,102.752454143505,2.161694625,37,24,166.495846534239
1143,102.613890078899,2.161694625,102.752454143505,2.041694625,38,24,205.33800769642
1144,102.613890078899,2.041694625,102.752454143505,1.921694625,39,24,178.844356219773
1145,102.613890078899,1.921694625,102.752454143505,1.801694625,40,24,86.6744657623729
1158,102.717813127353,5.821694625,102.856377191959,5.701694625,7,25,NA
1159,102.717813127353,5.701694625,102.856377191959,5.581694625,8,25,123.255025506235
1160,102.717813127353,5.581694625,102.856377191959,5.461694625,9,25,76.7866110768271
1161,102.717813127353,5.461694625,102.856377191959,5.341694625,10,25,24.8243724450284
1162,102.717813127353,5.341694625,102.856377191959,5.221694625,11,25,9.77758470236158
1163,102.717813127353,5.221694625,102.856377191959,5.101694625,12,25,8.88690342265405
1164,102.717813127353,5.101694625,102.856377191959,4.981694625,13,25,0.00670587495180723
1165,102.717813127353,4.981694625,102.856377191959,4.861694625,14,25,0.00296715654347826
1166,102.717813127353,4.861694625,102.856377191959,4.741694625,15,25,0.00231415976704545
1167,102.717813127353,4.741694625,102.856377191959,4.621694625,16,25,0.0626900390338983
1168,102.717813127353,4.621694625,102.856377191959,4.501694625,17,25,0.167395719324324
1169,102.717813127353,4.501694625,102.856377191959,4.381694625,18,25,0.246639479548023
1170,102.717813127353,4.381694625,102.856377191959,4.261694625,19,25,0.135769518059459
1171,102.717813127353,4.261694625,102.856377191959,4.141694625,20,25,0.351118900142045
1172,102.717813127353,4.141694625,102.856377191959,4.021694625,21,25,0.580535968480226
1173,102.717813127353,4.021694625,102.856377191959,3.901694625,22,25,8.87021321602703
1174,102.717813127353,3.901694625,102.856377191959,3.781694625,23,25,12.0983774486554
1175,102.717813127353,3.781694625,102.856377191959,3.661694625,24,25,15.8162155823459
1176,102.717813127353,3.661694625,102.856377191959,3.541694625,25,25,55.6933283268239
1177,102.717813127353,3.541694625,102.856377191959,3.421694625,26,25,18.5925985998192
1178,102.717813127353,3.421694625,102.856377191959,3.301694625,27,25,8.20016475765405
1179,102.717813127353,3.301694625,102.856377191959,3.181694625,28,25,10.2451852946384
1180,102.717813127353,3.181694625,102.856377191959,3.061694625,29,25,10.399047075773
1181,102.717813127353,3.061694625,102.856377191959,2.941694625,30,25,21.37955487875
1182,102.717813127353,2.941694625,102.856377191959,2.821694625,31,25,23.3408921126554
1183,102.717813127353,2.821694625,102.856377191959,2.701694625,32,25,21.4395920057081
1184,102.717813127353,2.701694625,102.856377191959,2.581694625,33,25,27.9150446122373
1185,102.717813127353,2.581694625,102.856377191959,2.461694625,34,25,320.774346320757
1186,102.717813127353,2.461694625,102.856377191959,2.341694625,35,25,35.275657290625
1187,102.717813127353,2.341694625,102.856377191959,2.221694625,36,25,51.744938941452
1188,102.717813127353,2.221694625,102.856377191959,2.101694625,37,25,79.5273921136865
1189,102.717813127353,2.101694625,102.856377191959,1.981694625,38,25,55.4559166689831
1190,102.717813127353,1.981694625,102.856377191959,1.861694625,39,25,167.54346014587
1191,102.717813127353,1.861694625,102.856377191959,1.741694625,40,25,95.99059294
1206,102.821736175807,5.641694625,102.960300240413,5.521694625,9,26,128.130568989623
1207,102.821736175807,5.521694625,102.960300240413,5.401694625,10,26,31.0823642970326
1208,102.821736175807,5.401694625,102.960300240413,5.281694625,11,26,57.9955024887499
1209,102.821736175807,5.281694625,102.960300240413,5.161694625,12,26,32.5474943638587
1210,102.821736175807,5.161694625,102.960300240413,5.041694625,13,26,30.2845434262387
1211,102.821736175807,5.041694625,102.960300240413,4.921694625,14,26,9.07882034160819
1212,102.821736175807,4.921694625,102.960300240413,4.801694625,15,26,1.10848686806522
1213,102.821736175807,4.801694625,102.960300240413,4.681694625,16,26,0.26149826475
1214,102.821736175807,4.681694625,102.960300240413,4.561694625,17,26,1.31068091169022
1215,102.821736175807,4.561694625,102.960300240413,4.441694625,18,26,0.886194683034091
1216,102.821736175807,4.441694625,102.960300240413,4.321694625,19,26,0.174047616505682
1217,102.821736175807,4.321694625,102.960300240413,4.201694625,20,26,0.231690817771739
1218,102.821736175807,4.201694625,102.960300240413,4.081694625,21,26,0.44031247225
1219,102.821736175807,4.081694625,102.960300240413,3.961694625,22,26,0.579904361043478
1220,102.821736175807,3.961694625,102.960300240413,3.841694625,23,26,4.34130761030682
1221,102.821736175807,3.841694625,102.960300240413,3.721694625,24,26,14.6933335848921
1222,102.821736175807,3.721694625,102.960300240413,3.601694625,25,26,38.7528681613044
1223,102.821736175807,3.601694625,102.960300240413,3.481694625,26,26,22.8621854751364
1224,102.821736175807,3.481694625,102.960300240413,3.361694625,27,26,36.12918091875
1225,102.821736175807,3.361694625,102.960300240413,3.241694625,28,26,13.2602606954773
1226,102.821736175807,3.241694625,102.960300240413,3.121694625,29,26,14.0305999460455
1227,102.821736175807,3.121694625,102.960300240413,3.001694625,30,26,13.5301386014674
1228,102.821736175807,3.001694625,102.960300240413,2.881694625,31,26,70.8798636430113
1229,102.821736175807,2.881694625,102.960300240413,2.761694625,32,26,24.5720092732554
1230,102.821736175807,2.761694625,102.960300240413,2.641694625,33,26,21.9493467227784
1231,102.821736175807,2.641694625,102.960300240413,2.521694625,34,26,44.1407420856193
1232,102.821736175807,2.521694625,102.960300240413,2.401694625,35,26,185.077139225489
1233,102.821736175807,2.401694625,102.960300240413,2.281694625,36,26,41.5469074728977
1234,102.821736175807,2.281694625,102.960300240413,2.161694625,37,26,13.0274073975652
1235,102.821736175807,2.161694625,102.960300240413,2.041694625,38,26,31.9853837081534
1236,102.821736175807,2.041694625,102.960300240413,1.921694625,39,26,182.070233080398
1237,102.821736175807,1.921694625,102.960300240413,1.801694625,40,26,736.567472537904
1238,102.821736175807,1.801694625,102.960300240413,1.681694625,41,26,98.37255859
1252,102.925659224262,5.581694625,103.064223288867,5.461694625,9,27,186.0729009006
1253,102.925659224262,5.461694625,103.064223288867,5.341694625,10,27,115.440437270966
1254,102.925659224262,5.341694625,103.064223288867,5.221694625,11,27,133.597760444261
1255,102.925659224262,5.221694625,103.064223288867,5.101694625,12,27,70.2131401888108
1256,102.925659224262,5.101694625,103.064223288867,4.981694625,13,27,149.63446383322
1257,102.925659224262,4.981694625,103.064223288867,4.861694625,14,27,18.5907208032108
1258,102.925659224262,4.861694625,103.064223288867,4.741694625,15,27,1.99412010876705
1259,102.925659224262,4.741694625,103.064223288867,4.621694625,16,27,3.68370770281818
1260,102.925659224262,4.621694625,103.064223288867,4.501694625,17,27,4.87958690886487
1261,102.925659224262,4.501694625,103.064223288867,4.381694625,18,27,0.540346448169492
1262,102.925659224262,4.381694625,103.064223288867,4.261694625,19,27,1.58302757661081
1263,102.925659224262,4.261694625,103.064223288867,4.141694625,20,27,1.70748760180682
1264,102.925659224262,4.141694625,103.064223288867,4.021694625,21,27,3.277847648375
1265,102.925659224262,4.021694625,103.064223288867,3.901694625,22,27,7.61950736219459
1266,102.925659224262,3.901694625,103.064223288867,3.781694625,23,27,6.24881635005085
1267,102.925659224262,3.781694625,103.064223288867,3.661694625,24,27,42.5357919074
1268,102.925659224262,3.661694625,103.064223288867,3.541694625,25,27,13.6100671993977
1269,102.925659224262,3.541694625,103.064223288867,3.421694625,26,27,32.7351284975284
1270,102.925659224262,3.421694625,103.064223288867,3.301694625,27,27,40.5814037786378
1271,102.925659224262,3.301694625,103.064223288867,3.181694625,28,27,19.2368469374124
1272,102.925659224262,3.181694625,103.064223288867,3.061694625,29,27,33.4644626007027
1273,102.925659224262,3.061694625,103.064223288867,2.941694625,30,27,31.3004504436932
1274,102.925659224262,2.941694625,103.064223288867,2.821694625,31,27,20.8378842257557
1275,102.925659224262,2.821694625,103.064223288867,2.701694625,32,27,17.7048387784162
1276,102.925659224262,2.701694625,103.064223288867,2.581694625,33,27,30.8568475802825
1277,102.925659224262,2.581694625,103.064223288867,2.461694625,34,27,48.1588993178919
1278,102.925659224262,2.461694625,103.064223288867,2.341694625,35,27,130.049920094716
1279,102.925659224262,2.341694625,103.064223288867,2.221694625,36,27,53.5086172600568
1280,102.925659224262,2.221694625,103.064223288867,2.101694625,37,27,23.4062537273405
1281,102.925659224262,2.101694625,103.064223288867,1.981694625,38,27,74.1232072155706
1282,102.925659224262,1.981694625,103.064223288867,1.861694625,39,27,431.346070618324
1283,102.925659224262,1.861694625,103.064223288867,1.741694625,40,27,344.552306656203
1284,102.925659224262,1.741694625,103.064223288867,1.621694625,41,27,84.7541783733333
1299,103.029582272716,5.521694625,103.168146337321,5.401694625,10,28,1097.00219581905
1300,103.029582272716,5.401694625,103.168146337321,5.281694625,11,28,1360.85433338537
1301,103.029582272716,5.281694625,103.168146337321,5.161694625,12,28,487.831384364594
1302,103.029582272716,5.161694625,103.168146337321,5.041694625,13,28,225.363068993523
1303,103.029582272716,5.041694625,103.168146337321,4.921694625,14,28,44.7428842677273
1304,103.029582272716,4.921694625,103.168146337321,4.801694625,15,28,13.3101081195761
1305,103.029582272716,4.801694625,103.168146337321,4.681694625,16,28,7.51155599607387
1306,103.029582272716,4.681694625,103.168146337321,4.561694625,17,28,1.86027027706487
1307,103.029582272716,4.561694625,103.168146337321,4.441694625,18,28,1.1591805954375
1308,103.029582272716,4.441694625,103.168146337321,4.321694625,19,28,1.77819607204545
1309,103.029582272716,4.321694625,103.168146337321,4.201694625,20,28,5.51397262059782
1310,103.029582272716,4.201694625,103.168146337321,4.081694625,21,28,5.55000578274432
1311,103.029582272716,4.081694625,103.168146337321,3.961694625,22,28,18.3365647089351
1312,103.029582272716,3.961694625,103.168146337321,3.841694625,23,28,21.7431671367614
1313,103.029582272716,3.841694625,103.168146337321,3.721694625,24,28,73.3237084256079
1314,103.029582272716,3.721694625,103.168146337321,3.601694625,25,28,134.803598362669
1315,103.029582272716,3.601694625,103.168146337321,3.481694625,26,28,22.4675754071364
1316,103.029582272716,3.481694625,103.168146337321,3.361694625,27,28,17.195516278427
1317,103.029582272716,3.361694625,103.168146337321,3.241694625,28,28,8.63295373175569
1318,103.029582272716,3.241694625,103.168146337321,3.121694625,29,28,13.8949482101364
1319,103.029582272716,3.121694625,103.168146337321,3.001694625,30,28,45.1643054039185
1320,103.029582272716,3.001694625,103.168146337321,2.881694625,31,28,17.4618851219432
1321,103.029582272716,2.881694625,103.168146337321,2.761694625,32,28,9.79176053747027
1322,103.029582272716,2.761694625,103.168146337321,2.641694625,33,28,6.94591203203409
1323,103.029582272716,2.641694625,103.168146337321,2.521694625,34,28,7.0837874644375
1324,103.029582272716,2.521694625,103.168146337321,2.401694625,35,28,21.3198215128098
1325,103.029582272716,2.401694625,103.168146337321,2.281694625,36,28,20.1799745241648
1326,103.029582272716,2.281694625,103.168146337321,2.161694625,37,28,43.3043445154649
1327,103.029582272716,2.161694625,103.168146337321,2.041694625,38,28,36.2285185112614
1328,103.029582272716,2.041694625,103.168146337321,1.921694625,39,28,189.316050000966
1329,103.029582272716,1.921694625,103.168146337321,1.801694625,40,28,319.597511253478
1330,103.029582272716,1.801694625,103.168146337321,1.681694625,41,28,172.500717139578
1331,103.029582272716,1.681694625,103.168146337321,1.561694625,42,28,111.540879555556
1346,103.13350532117,5.341694625,103.272069385775,5.221694625,11,29,1086.154003185
1347,103.13350532117,5.221694625,103.272069385775,5.101694625,12,29,133.508389392205
1348,103.13350532117,5.101694625,103.272069385775,4.981694625,13,29,25.1616974494859
1349,103.13350532117,4.981694625,103.272069385775,4.861694625,14,29,28.1592381344541
1350,103.13350532117,4.861694625,103.272069385775,4.741694625,15,29,62.1147042553107
1351,103.13350532117,4.741694625,103.272069385775,4.621694625,16,29,19.5703853521307
1352,103.13350532117,4.621694625,103.272069385775,4.501694625,17,29,29.6701617325189
1353,103.13350532117,4.501694625,103.272069385775,4.381694625,18,29,11.7376994385706
1354,103.13350532117,4.381694625,103.272069385775,4.261694625,19,29,20.0617446967676
1355,103.13350532117,4.261694625,103.272069385775,4.141694625,20,29,19.2486924502994
1356,103.13350532117,4.141694625,103.272069385775,4.021694625,21,29,29.2206799668466
1357,103.13350532117,4.021694625,103.272069385775,3.901694625,22,29,49.0662012111892
1358,103.13350532117,3.901694625,103.272069385775,3.781694625,23,29,264.255234847345
1359,103.13350532117,3.781694625,103.272069385775,3.661694625,24,29,363.265777309767
1360,103.13350532117,3.661694625,103.272069385775,3.541694625,25,29,11.3515931363164
1361,103.13350532117,3.541694625,103.272069385775,3.421694625,26,29,8.51668012270455
1362,103.13350532117,3.421694625,103.272069385775,3.301694625,27,29,2.20237437036757
1363,103.13350532117,3.301694625,103.272069385775,3.181694625,28,29,3.66694752379096
1364,103.13350532117,3.181694625,103.272069385775,3.061694625,29,29,5.58060630013513
1365,103.13350532117,3.061694625,103.272069385775,2.941694625,30,29,7.0915410020565
1366,103.13350532117,2.941694625,103.272069385775,2.821694625,31,29,14.2539498684205
1367,103.13350532117,2.821694625,103.272069385775,2.701694625,32,29,3.6671102530054
1368,103.13350532117,2.701694625,103.272069385775,2.581694625,33,29,2.66029469571186
1369,103.13350532117,2.581694625,103.272069385775,2.461694625,34,29,1.03987470255676
1370,103.13350532117,2.461694625,103.272069385775,2.341694625,35,29,3.57497625271186
1371,103.13350532117,2.341694625,103.272069385775,2.221694625,36,29,12.4444661722443
1372,103.13350532117,2.221694625,103.272069385775,2.101694625,37,29,66.4021166153297
1373,103.13350532117,2.101694625,103.272069385775,1.981694625,38,29,35.1785837047175
1374,103.13350532117,1.981694625,103.272069385775,1.861694625,39,29,224.47905040626
1375,103.13350532117,1.861694625,103.272069385775,1.741694625,40,29,57.192496462322
1376,103.13350532117,1.741694625,103.272069385775,1.621694625,41,29,154.727200483314
1377,103.13350532117,1.621694625,103.272069385775,1.501694625,42,29,37.9407350830769
1394,103.237428369624,5.161694625,103.375992434229,5.041694625,13,30,135.605249092273
1395,103.237428369624,5.041694625,103.375992434229,4.921694625,14,30,38.3080957900413
1396,103.237428369624,4.921694625,103.375992434229,4.801694625,15,30,13.0998909862174
1397,103.237428369624,4.801694625,103.375992434229,4.681694625,16,30,47.5712227884318
1398,103.237428369624,4.681694625,103.375992434229,4.561694625,17,30,69.1237727284891
1399,103.237428369624,4.561694625,103.375992434229,4.441694625,18,30,10.671213143125
1400,103.237428369624,4.441694625,103.375992434229,4.321694625,19,30,32.3898999586364
1401,103.237428369624,4.321694625,103.375992434229,4.201694625,20,30,39.1804352019565
1402,103.237428369624,4.201694625,103.375992434229,4.081694625,21,30,36.5450255051023
1403,103.237428369624,4.081694625,103.375992434229,3.961694625,22,30,50.8640326202609
1404,103.237428369624,3.961694625,103.375992434229,3.841694625,23,30,424.137829080739
1405,103.237428369624,3.841694625,103.375992434229,3.721694625,24,30,1709.39706347723
1406,103.237428369624,3.721694625,103.375992434229,3.601694625,25,30,47.822609866526
1407,103.237428369624,3.601694625,103.375992434229,3.481694625,26,30,35.8228204195057
1408,103.237428369624,3.481694625,103.375992434229,3.361694625,27,30,4.56798638884783
1409,103.237428369624,3.361694625,103.375992434229,3.241694625,28,30,4.27249831170455
1410,103.237428369624,3.241694625,103.375992434229,3.121694625,29,30,4.38035281882955
1411,103.237428369624,3.121694625,103.375992434229,3.001694625,30,30,3.48873263013044
1412,103.237428369624,3.001694625,103.375992434229,2.881694625,31,30,11.4707960608239
1413,103.237428369624,2.881694625,103.375992434229,2.761694625,32,30,17.1322671018641
1414,103.237428369624,2.761694625,103.375992434229,2.641694625,33,30,8.73626356990342
1415,103.237428369624,2.641694625,103.375992434229,2.521694625,34,30,2.00587636178977
1416,103.237428369624,2.521694625,103.375992434229,2.401694625,35,30,1.06429388697283
1417,103.237428369624,2.401694625,103.375992434229,2.281694625,36,30,4.7191154553125
1418,103.237428369624,2.281694625,103.375992434229,2.161694625,37,30,19.7580038517391
1419,103.237428369624,2.161694625,103.375992434229,2.041694625,38,30,233.296960963977
1420,103.237428369624,2.041694625,103.375992434229,1.921694625,39,30,704.627675153295
1421,103.237428369624,1.921694625,103.375992434229,1.801694625,40,30,226.067062795946
1422,103.237428369624,1.801694625,103.375992434229,1.681694625,41,30,101.394166182614
1423,103.237428369624,1.681694625,103.375992434229,1.561694625,42,30,123.426184459828
1424,103.237428369624,1.561694625,103.375992434229,1.441694625,43,30,142.570721426
1441,103.341351418078,4.981694625,103.479915482684,4.861694625,14,31,169.585642025652
1442,103.341351418078,4.861694625,103.479915482684,4.741694625,15,31,590.882788493716
1443,103.341351418078,4.741694625,103.479915482684,4.621694625,16,31,455.681718739205
1444,103.341351418078,4.621694625,103.479915482684,4.501694625,17,31,206.971655847923
1445,103.341351418078,4.501694625,103.479915482684,4.381694625,18,31,117.055292218
1446,103.341351418078,4.381694625,103.479915482684,4.261694625,19,31,123.006318473946
1447,103.341351418078,4.261694625,103.479915482684,4.141694625,20,31,796.672176801269
1448,103.341351418078,4.141694625,103.479915482684,4.021694625,21,31,143.198879582321
1449,103.341351418078,4.021694625,103.479915482684,3.901694625,22,31,632.621237373837
1450,103.341351418078,3.901694625,103.479915482684,3.781694625,23,31,1283.62763271724
1451,103.341351418078,3.781694625,103.479915482684,3.661694625,24,31,NA
1452,103.341351418078,3.661694625,103.479915482684,3.541694625,25,31,242.444645064524
1453,103.341351418078,3.541694625,103.479915482684,3.421694625,26,31,243.616812551496
1454,103.341351418078,3.421694625,103.479915482684,3.301694625,27,31,21.6443756294773
1455,103.341351418078,3.301694625,103.479915482684,3.181694625,28,31,18.6525665255704
1456,103.341351418078,3.181694625,103.479915482684,3.061694625,29,31,21.3802831197025
1457,103.341351418078,3.061694625,103.479915482684,2.941694625,30,31,13.8032309746618
1458,103.341351418078,2.941694625,103.479915482684,2.821694625,31,31,35.0765878784545
1459,103.341351418078,2.821694625,103.479915482684,2.701694625,32,31,20.234242860027
1460,103.341351418078,2.701694625,103.479915482684,2.581694625,33,31,16.0972093763409
1461,103.341351418078,2.581694625,103.479915482684,2.461694625,34,31,1.99067067858919
1462,103.341351418078,2.461694625,103.479915482684,2.341694625,35,31,3.53112008775568
1463,103.341351418078,2.341694625,103.479915482684,2.221694625,36,31,11.333223997548
1464,103.341351418078,2.221694625,103.479915482684,2.101694625,37,31,35.8461853746486
1465,103.341351418078,2.101694625,103.479915482684,1.981694625,38,31,189.879064489489
1466,103.341351418078,1.981694625,103.479915482684,1.861694625,39,31,94.4267757089189
1467,103.341351418078,1.861694625,103.479915482684,1.741694625,40,31,76.5725571560227
1468,103.341351418078,1.741694625,103.479915482684,1.621694625,41,31,82.8533065248588
1469,103.341351418078,1.621694625,103.479915482684,1.501694625,42,31,192.152351300757
1470,103.341351418078,1.501694625,103.479915482684,1.381694625,43,31,464.417114026889
1471,103.341351418078,1.381694625,103.479915482684,1.261694625,44,31,92.4688568
1489,103.445274466532,4.801694625,103.583838531138,4.681694625,16,32,NA
1490,103.445274466532,4.681694625,103.583838531138,4.561694625,17,32,456.6160583
1491,103.445274466532,4.561694625,103.583838531138,4.441694625,18,32,95.0035906636364
1492,103.445274466532,4.441694625,103.583838531138,4.321694625,19,32,412.671707973684
1493,103.445274466532,4.321694625,103.583838531138,4.201694625,20,32,327.511325596129
1502,103.445274466532,3.241694625,103.583838531138,3.121694625,29,32,NA
1503,103.445274466532,3.121694625,103.583838531138,3.001694625,30,32,NA
1504,103.445274466532,3.001694625,103.583838531138,2.881694625,31,32,NA
1505,103.445274466532,2.881694625,103.583838531138,2.761694625,32,32,157.215557547
1506,103.445274466532,2.761694625,103.583838531138,2.641694625,33,32,38.0893821282057
1507,103.445274466532,2.641694625,103.583838531138,2.521694625,34,32,10.0479407691875
1508,103.445274466532,2.521694625,103.583838531138,2.401694625,35,32,2.3107018828054
1509,103.445274466532,2.401694625,103.583838531138,2.281694625,36,32,7.47139793494318
1510,103.445274466532,2.281694625,103.583838531138,2.161694625,37,32,41.525502575212
1511,103.445274466532,2.161694625,103.583838531138,2.041694625,38,32,20.5951214610057
1512,103.445274466532,2.041694625,103.583838531138,1.921694625,39,32,20.9742522819091
1513,103.445274466532,1.921694625,103.583838531138,1.801694625,40,32,61.7426057428108
1514,103.445274466532,1.801694625,103.583838531138,1.681694625,41,32,105.318872481705
1515,103.445274466532,1.681694625,103.583838531138,1.561694625,42,32,214.430668524239
1516,103.445274466532,1.561694625,103.583838531138,1.441694625,43,32,241.522990484887
1517,103.445274466532,1.441694625,103.583838531138,1.321694625,44,32,111.815749886012
1518,103.445274466532,1.321694625,103.583838531138,1.201694625,45,32,89.7414189186957
1551,103.549197514986,2.821694625,103.687761579592,2.701694625,32,33,61.9802344171429
1552,103.549197514986,2.701694625,103.687761579592,2.581694625,33,33,125.41494032062
1553,103.549197514986,2.581694625,103.687761579592,2.461694625,34,33,11.3649173071351
1554,103.549197514986,2.461694625,103.687761579592,2.341694625,35,33,5.38497764300565
1555,103.549197514986,2.341694625,103.687761579592,2.221694625,36,33,11.1810498569943
1556,103.549197514986,2.221694625,103.687761579592,2.101694625,37,33,2.23050484452973
1557,103.549197514986,2.101694625,103.687761579592,1.981694625,38,33,3.10823533882386
1558,103.549197514986,1.981694625,103.687761579592,1.861694625,39,33,51.838230741227
1559,103.549197514986,1.861694625,103.687761579592,1.741694625,40,33,68.5030665093785
1560,103.549197514986,1.741694625,103.687761579592,1.621694625,41,33,919.864762127955
1561,103.549197514986,1.621694625,103.687761579592,1.501694625,42,33,1796.74776520665
1562,103.549197514986,1.501694625,103.687761579592,1.381694625,43,33,1564.44945144183
1563,103.549197514986,1.381694625,103.687761579592,1.261694625,44,33,175.338758888333
1598,103.653120563441,2.761694625,103.791684628046,2.641694625,33,34,55.8731085466667
1599,103.653120563441,2.641694625,103.791684628046,2.521694625,34,34,16.1935977170774
1600,103.653120563441,2.521694625,103.791684628046,2.401694625,35,34,9.76077522023369
1601,103.653120563441,2.401694625,103.791684628046,2.281694625,36,34,10.5314204604773
1602,103.653120563441,2.281694625,103.791684628046,2.161694625,37,34,3.73997063371892
1603,103.653120563441,2.161694625,103.791684628046,2.041694625,38,34,0.934326213664773
1604,103.653120563441,2.041694625,103.791684628046,1.921694625,39,34,4.87894766294578
1605,103.653120563441,1.921694625,103.791684628046,1.801694625,40,34,16.8375054933297
1606,103.653120563441,1.801694625,103.791684628046,1.681694625,41,34,46.5412700027841
1607,103.653120563441,1.681694625,103.791684628046,1.561694625,42,34,704.871419934
1608,103.653120563441,1.561694625,103.791684628046,1.441694625,43,34,3829.26930442
1645,103.757043611895,2.581694625,103.8956076765,2.461694625,34,35,66.9139593586386
1646,103.757043611895,2.461694625,103.8956076765,2.341694625,35,35,202.450615139781
1647,103.757043611895,2.341694625,103.8956076765,2.221694625,36,35,28.0117527819489
1648,103.757043611895,2.221694625,103.8956076765,2.101694625,37,35,12.5052819482433
1649,103.757043611895,2.101694625,103.8956076765,1.981694625,38,35,12.3764164113523
1650,103.757043611895,1.981694625,103.8956076765,1.861694625,39,35,6.38085734388108
1651,103.757043611895,1.861694625,103.8956076765,1.741694625,40,35,39.7568340076932
1652,103.757043611895,1.741694625,103.8956076765,1.621694625,41,35,108.477952906307
1653,103.757043611895,1.621694625,103.8956076765,1.501694625,42,35,2159.64669161195
1654,103.757043611895,1.501694625,103.8956076765,1.381694625,43,35,3092.71338058333
1693,103.860966660349,2.401694625,103.999530724954,2.281694625,36,36,37.3318457843125
1694,103.860966660349,2.281694625,103.999530724954,2.161694625,37,36,14.3354016703313
1695,103.860966660349,2.161694625,103.999530724954,2.041694625,38,36,29.0650556266836
1696,103.860966660349,2.041694625,103.999530724954,1.921694625,39,36,9.82135302373864
1697,103.860966660349,1.921694625,103.999530724954,1.801694625,40,36,18.1927730147189
1698,103.860966660349,1.801694625,103.999530724954,1.681694625,41,36,237.661058826591
1699,103.860966660349,1.681694625,103.999530724954,1.561694625,42,36,40.1265355945304
1700,103.860966660349,1.561694625,103.999530724954,1.441694625,43,36,1761.2916905665
1701,103.860966660349,1.441694625,103.999530724954,1.321694625,44,36,2511.75556773333
1740,103.964889708803,2.221694625,104.103453773408,2.101694625,37,37,24.5683658652195
1741,103.964889708803,2.101694625,104.103453773408,1.981694625,38,37,14.5694271941214
1742,103.964889708803,1.981694625,104.103453773408,1.861694625,39,37,24.9470950292772
1743,103.964889708803,1.861694625,104.103453773408,1.741694625,40,37,35.4264276385284
1744,103.964889708803,1.741694625,104.103453773408,1.621694625,41,37,37.1130258161932
1745,103.964889708803,1.621694625,104.103453773408,1.501694625,42,37,60.3699948636747
1746,103.964889708803,1.501694625,104.103453773408,1.381694625,43,37,123.965887888611
1788,104.068812757257,2.041694625,104.207376821863,1.921694625,39,38,107.949048639
1789,104.068812757257,1.921694625,104.207376821863,1.801694625,40,38,65.4388944861702
1790,104.068812757257,1.801694625,104.207376821863,1.681694625,41,38,42.5498643235796
1791,104.068812757257,1.681694625,104.207376821863,1.561694625,42,38,44.8151316093784
1792,104.068812757257,1.561694625,104.207376821863,1.441694625,43,38,35.5586728828978
1793,104.068812757257,1.441694625,104.207376821863,1.321694625,44,38,56.997054404
1835,104.172735805711,1.861694625,104.311299870317,1.741694625,40,39,26.3177282825
1836,104.172735805711,1.741694625,104.311299870317,1.621694625,41,39,12.3383011305
1837,104.172735805711,1.621694625,104.311299870317,1.501694625,42,39,119.466063476858
1838,104.172735805711,1.501694625,104.311299870317,1.381694625,43,39,22.8361408566235
1839,104.172735805711,1.381694625,104.311299870317,1.261694625,44,39,107.7276877
1884,104.276658854165,1.561694625,104.415222918771,1.441694625,43,40,8.8350973155
1885,104.276658854165,1.441694625,104.415222918771,1.321694625,44,40,20.1022269725
