id,left,top,right,bottom,row_index,col_index,NUMPOINTS
1,100.119736915999994,6.721694625000000,100.258300980605497,6.601694625000000,0,0,44
2,100.119736915999994,6.601694625000000,100.258300980605497,6.481694625000000,1,0,209
3,100.119736915999994,6.481694625000000,100.258300980605497,6.361694625000000,2,0,556
4,100.119736915999994,6.361694625000000,100.258300980605497,6.241694625000000,3,0,238
5,100.119736915999994,6.241694625000000,100.258300980605497,6.121694625000000,4,0,7
11,100.119736915999994,5.521694625000000,100.258300980605497,5.401694625000000,10,0,28
12,100.119736915999994,5.401694625000000,100.258300980605497,5.281694625000000,11,0,311
13,100.119736915999994,5.281694625000000,100.258300980605497,5.161694625000000,12,0,0
47,100.223659964454129,6.661694625000000,100.362224029059647,6.541694625000000,0,1,131
48,100.223659964454129,6.541694625000000,100.362224029059647,6.421694625000000,1,1,383
49,100.223659964454129,6.421694625000000,100.362224029059647,6.301694625000000,2,1,347
50,100.223659964454129,6.301694625000000,100.362224029059647,6.181694625000000,3,1,306
51,100.223659964454129,6.181694625000000,100.362224029059647,6.061694625000000,4,1,492
52,100.223659964454129,6.061694625000000,100.362224029059647,5.941694625000000,5,1,14
53,100.223659964454129,5.941694625000000,100.362224029059647,5.821694625000000,6,1,2
54,100.223659964454129,5.821694625000000,100.362224029059647,5.701694625000000,7,1,0
55,100.223659964454129,5.701694625000000,100.362224029059647,5.581694625000000,8,1,16
56,100.223659964454129,5.581694625000000,100.362224029059647,5.461694625000000,9,1,0
57,100.223659964454129,5.461694625000000,100.362224029059647,5.341694625000000,10,1,997
58,100.223659964454129,5.341694625000000,100.362224029059647,5.221694625000000,11,1,550
60,100.223659964454129,5.101694625000000,100.362224029059647,4.981694625000000,13,1,0
94,100.327583012908249,6.601694625000000,100.466147077513781,6.481694625000000,1,2,65
95,100.327583012908249,6.481694625000000,100.466147077513781,6.361694625000000,2,2,213
96,100.327583012908249,6.361694625000000,100.466147077513781,6.241694625000000,3,2,493
97,100.327583012908249,6.241694625000000,100.466147077513781,6.121694625000000,4,2,913
98,100.327583012908249,6.121694625000000,100.466147077513781,6.001694625000000,5,2,685
99,100.327583012908249,6.001694625000000,100.466147077513781,5.881694625000000,6,2,250
100,100.327583012908249,5.881694625000000,100.466147077513781,5.761694625000000,7,2,214
101,100.327583012908249,5.761694625000000,100.466147077513781,5.641694625000000,8,2,258
102,100.327583012908249,5.641694625000000,100.466147077513781,5.521694625000000,9,2,449
103,100.327583012908249,5.521694625000000,100.466147077513781,5.401694625000000,10,2,869
104,100.327583012908249,5.401694625000000,100.466147077513781,5.281694625000000,11,2,900
105,100.327583012908249,5.281694625000000,100.466147077513781,5.161694625000000,12,2,111
106,100.327583012908249,5.161694625000000,100.466147077513781,5.041694625000000,13,2,268
107,100.327583012908249,5.041694625000000,100.466147077513781,4.921694625000000,14,2,88
140,100.431506061362398,6.541694625000000,100.570070125967916,6.421694625000000,1,3,59
141,100.431506061362398,6.421694625000000,100.570070125967916,6.301694625000000,2,3,53
142,100.431506061362398,6.301694625000000,100.570070125967916,6.181694625000000,3,3,190
143,100.431506061362398,6.181694625000000,100.570070125967916,6.061694625000000,4,3,327
144,100.431506061362398,6.061694625000000,100.570070125967916,5.941694625000000,5,3,326
145,100.431506061362398,5.941694625000000,100.570070125967916,5.821694625000000,6,3,316
146,100.431506061362398,5.821694625000000,100.570070125967916,5.701694625000000,7,3,328
147,100.431506061362398,5.701694625000000,100.570070125967916,5.581694625000000,8,3,1410
148,100.431506061362398,5.581694625000000,100.570070125967916,5.461694625000000,9,3,729
149,100.431506061362398,5.461694625000000,100.570070125967916,5.341694625000000,10,3,1137
150,100.431506061362398,5.341694625000000,100.570070125967916,5.221694625000000,11,3,945
151,100.431506061362398,5.221694625000000,100.570070125967916,5.101694625000000,12,3,716
152,100.431506061362398,5.101694625000000,100.570070125967916,4.981694625000000,13,3,281
153,100.431506061362398,4.981694625000000,100.570070125967916,4.861694625000000,14,3,3
154,100.431506061362398,4.861694625000000,100.570070125967916,4.741694625000000,15,3,0
186,100.535429109816505,6.601694625000000,100.673993174422037,6.481694625000000,1,4,0
187,100.535429109816505,6.481694625000000,100.673993174422037,6.361694625000000,2,4,3
188,100.535429109816505,6.361694625000000,100.673993174422037,6.241694625000000,3,4,136
189,100.535429109816505,6.241694625000000,100.673993174422037,6.121694625000000,4,4,129
190,100.535429109816505,6.121694625000000,100.673993174422037,6.001694625000000,5,4,117
191,100.535429109816505,6.001694625000000,100.673993174422037,5.881694625000000,6,4,92
192,100.535429109816505,5.881694625000000,100.673993174422037,5.761694625000000,7,4,117
193,100.535429109816505,5.761694625000000,100.673993174422037,5.641694625000000,8,4,124
194,100.535429109816505,5.641694625000000,100.673993174422037,5.521694625000000,9,4,261
195,100.535429109816505,5.521694625000000,100.673993174422037,5.401694625000000,10,4,297
196,100.535429109816505,5.401694625000000,100.673993174422037,5.281694625000000,11,4,290
197,100.535429109816505,5.281694625000000,100.673993174422037,5.161694625000000,12,4,122
198,100.535429109816505,5.161694625000000,100.673993174422037,5.041694625000000,13,4,108
199,100.535429109816505,5.041694625000000,100.673993174422037,4.921694625000000,14,4,246
200,100.535429109816505,4.921694625000000,100.673993174422037,4.801694625000000,15,4,47
201,100.535429109816505,4.801694625000000,100.673993174422037,4.681694625000000,16,4,1
202,100.535429109816505,4.681694625000000,100.673993174422037,4.561694625000000,17,4,0
203,100.535429109816505,4.561694625000000,100.673993174422037,4.441694625000000,18,4,11
204,100.535429109816505,4.441694625000000,100.673993174422037,4.321694624999999,19,4,25
205,100.535429109816505,4.321694624999999,100.673993174422037,4.201694625000000,20,4,62
206,100.535429109816505,4.201694625000000,100.673993174422037,4.081694625000000,21,4,17
208,100.535429109816505,3.961694625000000,100.673993174422037,3.841694625000000,23,4,0
232,100.639352158270654,6.541694625000000,100.777916222876172,6.421694625000000,1,5,3
233,100.639352158270654,6.421694625000000,100.777916222876172,6.301694625000000,2,5,43
234,100.639352158270654,6.301694625000000,100.777916222876172,6.181694625000000,3,5,76
235,100.639352158270654,6.181694625000000,100.777916222876172,6.061694625000000,4,5,104
236,100.639352158270654,6.061694625000000,100.777916222876172,5.941694625000000,5,5,96
237,100.639352158270654,5.941694625000000,100.777916222876172,5.821694625000000,6,5,100
238,100.639352158270654,5.821694625000000,100.777916222876172,5.701694625000000,7,5,141
239,100.639352158270654,5.701694625000000,100.777916222876172,5.581694625000000,8,5,160
240,100.639352158270654,5.581694625000000,100.777916222876172,5.461694625000000,9,5,122
241,100.639352158270654,5.461694625000000,100.777916222876172,5.341694625000000,10,5,72
242,100.639352158270654,5.341694625000000,100.777916222876172,5.221694625000000,11,5,116
243,100.639352158270654,5.221694625000000,100.777916222876172,5.101694625000000,12,5,77
244,100.639352158270654,5.101694625000000,100.777916222876172,4.981694625000000,13,5,20
245,100.639352158270654,4.981694625000000,100.777916222876172,4.861694625000000,14,5,409
246,100.639352158270654,4.861694625000000,100.777916222876172,4.741694625000000,15,5,622
247,100.639352158270654,4.741694625000000,100.777916222876172,4.621694625000000,16,5,78
248,100.639352158270654,4.621694625000000,100.777916222876172,4.501694625000000,17,5,92
249,100.639352158270654,4.501694625000000,100.777916222876172,4.381694625000000,18,5,12
250,100.639352158270654,4.381694625000000,100.777916222876172,4.261694625000000,19,5,137
251,100.639352158270654,4.261694625000000,100.777916222876172,4.141694625000001,20,5,615
252,100.639352158270654,4.141694625000001,100.777916222876172,4.021694625000001,21,5,24
253,100.639352158270654,4.021694625000001,100.777916222876172,3.901694625000000,22,5,53
254,100.639352158270654,3.901694625000000,100.777916222876172,3.781694625000000,23,5,6
279,100.743275206724789,6.481694625000000,100.881839271330307,6.361694625000000,2,6,0
280,100.743275206724789,6.361694625000000,100.881839271330307,6.241694625000000,3,6,0
281,100.743275206724789,6.241694625000000,100.881839271330307,6.121694625000000,4,6,0
282,100.743275206724789,6.121694625000000,100.881839271330307,6.001694625000000,5,6,35
283,100.743275206724789,6.001694625000000,100.881839271330307,5.881694625000000,6,6,21
284,100.743275206724789,5.881694625000000,100.881839271330307,5.761694625000000,7,6,64
285,100.743275206724789,5.761694625000000,100.881839271330307,5.641694625000000,8,6,98
286,100.743275206724789,5.641694625000000,100.881839271330307,5.521694625000000,9,6,168
287,100.743275206724789,5.521694625000000,100.881839271330307,5.401694625000000,10,6,6
288,100.743275206724789,5.401694625000000,100.881839271330307,5.281694625000000,11,6,23
289,100.743275206724789,5.281694625000000,100.881839271330307,5.161694625000000,12,6,48
290,100.743275206724789,5.161694625000000,100.881839271330307,5.041694625000000,13,6,51
291,100.743275206724789,5.041694625000000,100.881839271330307,4.921694625000000,14,6,157
292,100.743275206724789,4.921694625000000,100.881839271330307,4.801694625000000,15,6,42
293,100.743275206724789,4.801694625000000,100.881839271330307,4.681694625000000,16,6,105
294,100.743275206724789,4.681694625000000,100.881839271330307,4.561694625000000,17,6,7
295,100.743275206724789,4.561694625000000,100.881839271330307,4.441694625000000,18,6,47
296,100.743275206724789,4.441694625000000,100.881839271330307,4.321694624999999,19,6,89
297,100.743275206724789,4.321694624999999,100.881839271330307,4.201694625000000,20,6,54
298,100.743275206724789,4.201694625000000,100.881839271330307,4.081694625000000,21,6,27
299,100.743275206724789,4.081694625000000,100.881839271330307,3.961694625000000,22,6,26
300,100.743275206724789,3.961694625000000,100.881839271330307,3.841694625000000,23,6,80
301,100.743275206724789,3.841694625000000,100.881839271330307,3.721694625000000,24,6,30
325,100.847198255178924,6.421694625000000,100.985762319784442,6.301694625000000,2,7,2
326,100.847198255178924,6.301694625000000,100.985762319784442,6.181694625000000,3,7,0
327,100.847198255178924,6.181694625000000,100.985762319784442,6.061694625000000,4,7,0
328,100.847198255178924,6.061694625000000,100.985762319784442,5.941694625000000,5,7,3
329,100.847198255178924,5.941694625000000,100.985762319784442,5.821694625000000,6,7,50
330,100.847198255178924,5.821694625000000,100.985762319784442,5.701694625000000,7,7,130
331,100.847198255178924,5.701694625000000,100.985762319784442,5.581694625000000,8,7,183
332,100.847198255178924,5.581694625000000,100.985762319784442,5.461694625000000,9,7,36
333,100.847198255178924,5.461694625000000,100.985762319784442,5.341694625000000,10,7,0
334,100.847198255178924,5.341694625000000,100.985762319784442,5.221694625000000,11,7,0
335,100.847198255178924,5.221694625000000,100.985762319784442,5.101694625000000,12,7,8
336,100.847198255178924,5.101694625000000,100.985762319784442,4.981694625000000,13,7,34
337,100.847198255178924,4.981694625000000,100.985762319784442,4.861694625000000,14,7,88
338,100.847198255178924,4.861694625000000,100.985762319784442,4.741694625000000,15,7,333
339,100.847198255178924,4.741694625000000,100.985762319784442,4.621694625000000,16,7,80
340,100.847198255178924,4.621694625000000,100.985762319784442,4.501694625000000,17,7,69
341,100.847198255178924,4.501694625000000,100.985762319784442,4.381694625000000,18,7,94
342,100.847198255178924,4.381694625000000,100.985762319784442,4.261694625000000,19,7,165
343,100.847198255178924,4.261694625000000,100.985762319784442,4.141694625000001,20,7,106
344,100.847198255178924,4.141694625000001,100.985762319784442,4.021694625000001,21,7,121
345,100.847198255178924,4.021694625000001,100.985762319784442,3.901694625000000,22,7,75
346,100.847198255178924,3.901694625000000,100.985762319784442,3.781694625000000,23,7,105
347,100.847198255178924,3.781694625000000,100.985762319784442,3.661694625000000,24,7,121
348,100.847198255178924,3.661694625000000,100.985762319784442,3.541694625000000,25,7,0
372,100.951121303633059,6.361694625000000,101.089685368238577,6.241694625000000,3,8,0
373,100.951121303633059,6.241694625000000,101.089685368238577,6.121694625000000,4,8,0
374,100.951121303633059,6.121694625000000,101.089685368238577,6.001694625000000,5,8,0
375,100.951121303633059,6.001694625000000,101.089685368238577,5.881694625000000,6,8,1
376,100.951121303633059,5.881694625000000,101.089685368238577,5.761694625000000,7,8,0
377,100.951121303633059,5.761694625000000,101.089685368238577,5.641694625000000,8,8,95
378,100.951121303633059,5.641694625000000,101.089685368238577,5.521694625000000,9,8,19
379,100.951121303633059,5.521694625000000,101.089685368238577,5.401694625000000,10,8,1
380,100.951121303633059,5.401694625000000,101.089685368238577,5.281694625000000,11,8,20
381,100.951121303633059,5.281694625000000,101.089685368238577,5.161694625000000,12,8,22
382,100.951121303633059,5.161694625000000,101.089685368238577,5.041694625000000,13,8,51
383,100.951121303633059,5.041694625000000,101.089685368238577,4.921694625000000,14,8,8
384,100.951121303633059,4.921694625000000,101.089685368238577,4.801694625000000,15,8,124
385,100.951121303633059,4.801694625000000,101.089685368238577,4.681694625000000,16,8,13
386,100.951121303633059,4.681694625000000,101.089685368238577,4.561694625000000,17,8,526
387,100.951121303633059,4.561694625000000,101.089685368238577,4.441694625000000,18,8,489
388,100.951121303633059,4.441694625000000,101.089685368238577,4.321694624999999,19,8,192
389,100.951121303633059,4.321694624999999,101.089685368238577,4.201694625000000,20,8,62
390,100.951121303633059,4.201694625000000,101.089685368238577,4.081694625000000,21,8,35
391,100.951121303633059,4.081694625000000,101.089685368238577,3.961694625000000,22,8,342
392,100.951121303633059,3.961694625000000,101.089685368238577,3.841694625000000,23,8,25
393,100.951121303633059,3.841694625000000,101.089685368238577,3.721694625000000,24,8,112
394,100.951121303633059,3.721694625000000,101.089685368238577,3.601694624999999,25,8,221
395,100.951121303633059,3.601694624999999,101.089685368238577,3.481694625000000,26,8,25
418,101.055044352087194,6.301694625000000,101.193608416692697,6.181694625000000,3,9,0
419,101.055044352087194,6.181694625000000,101.193608416692697,6.061694625000000,4,9,2
420,101.055044352087194,6.061694625000000,101.193608416692697,5.941694625000000,5,9,0
423,101.055044352087194,5.701694625000000,101.193608416692697,5.581694625000000,8,9,11
424,101.055044352087194,5.581694625000000,101.193608416692697,5.461694625000000,9,9,41
425,101.055044352087194,5.461694625000000,101.193608416692697,5.341694625000000,10,9,119
426,101.055044352087194,5.341694625000000,101.193608416692697,5.221694625000000,11,9,19
427,101.055044352087194,5.221694625000000,101.193608416692697,5.101694625000000,12,9,2
428,101.055044352087194,5.101694625000000,101.193608416692697,4.981694625000000,13,9,1
429,101.055044352087194,4.981694625000000,101.193608416692697,4.861694625000000,14,9,55
430,101.055044352087194,4.861694625000000,101.193608416692697,4.741694625000000,15,9,249
431,101.055044352087194,4.741694625000000,101.193608416692697,4.621694625000000,16,9,1012
432,101.055044352087194,4.621694625000000,101.193608416692697,4.501694625000000,17,9,1163
433,101.055044352087194,4.501694625000000,101.193608416692697,4.381694625000000,18,9,258
434,101.055044352087194,4.381694625000000,101.193608416692697,4.261694625000000,19,9,353
435,101.055044352087194,4.261694625000000,101.193608416692697,4.141694625000001,20,9,100
436,101.055044352087194,4.141694625000001,101.193608416692697,4.021694625000001,21,9,195
437,101.055044352087194,4.021694625000001,101.193608416692697,3.901694625000000,22,9,22
438,101.055044352087194,3.901694625000000,101.193608416692697,3.781694625000000,23,9,5
439,101.055044352087194,3.781694625000000,101.193608416692697,3.661694625000000,24,9,61
440,101.055044352087194,3.661694625000000,101.193608416692697,3.541694625000000,25,9,57
441,101.055044352087194,3.541694625000000,101.193608416692697,3.421694625000000,26,9,167
442,101.055044352087194,3.421694625000000,101.193608416692697,3.301694625000000,27,9,7
469,101.158967400541314,5.761694625000000,101.297531465146832,5.641694625000000,8,10,0
470,101.158967400541314,5.641694625000000,101.297531465146832,5.521694625000000,9,10,0
471,101.158967400541314,5.521694625000000,101.297531465146832,5.401694625000000,10,10,45
472,101.158967400541314,5.401694625000000,101.297531465146832,5.281694625000000,11,10,1
473,101.158967400541314,5.281694625000000,101.297531465146832,5.161694625000000,12,10,2
474,101.158967400541314,5.161694625000000,101.297531465146832,5.041694625000000,13,10,5
475,101.158967400541314,5.041694625000000,101.297531465146832,4.921694625000000,14,10,6
476,101.158967400541314,4.921694625000000,101.297531465146832,4.801694625000000,15,10,9
477,101.158967400541314,4.801694625000000,101.297531465146832,4.681694625000000,16,10,4
478,101.158967400541314,4.681694625000000,101.297531465146832,4.561694625000000,17,10,17
479,101.158967400541314,4.561694625000000,101.297531465146832,4.441694625000000,18,10,28
480,101.158967400541314,4.441694625000000,101.297531465146832,4.321694624999999,19,10,30
481,101.158967400541314,4.321694624999999,101.297531465146832,4.201694625000000,20,10,111
482,101.158967400541314,4.201694625000000,101.297531465146832,4.081694625000000,21,10,174
483,101.158967400541314,4.081694625000000,101.297531465146832,3.961694625000000,22,10,59
484,101.158967400541314,3.961694625000000,101.297531465146832,3.841694625000000,23,10,9
485,101.158967400541314,3.841694625000000,101.297531465146832,3.721694625000000,24,10,13
486,101.158967400541314,3.721694625000000,101.297531465146832,3.601694624999999,25,10,3
487,101.158967400541314,3.601694624999999,101.297531465146832,3.481694625000000,26,10,8
488,101.158967400541314,3.481694625000000,101.297531465146832,3.361694625000000,27,10,170
489,101.158967400541314,3.361694625000000,101.297531465146832,3.241694625000000,28,10,117
491,101.158967400541314,3.121694625000000,101.297531465146832,3.001694625000000,30,10,14
492,101.158967400541314,3.001694625000000,101.297531465146832,2.881694625000000,31,10,0
493,101.158967400541314,2.881694625000000,101.297531465146832,2.761694625000000,32,10,0
514,101.262890448995449,5.821694625000000,101.401454513600953,5.701694625000000,7,11,0
515,101.262890448995449,5.701694625000000,101.401454513600953,5.581694625000000,8,11,0
516,101.262890448995449,5.581694625000000,101.401454513600953,5.461694625000000,9,11,2
517,101.262890448995449,5.461694625000000,101.401454513600953,5.341694625000000,10,11,1
518,101.262890448995449,5.341694625000000,101.401454513600953,5.221694625000000,11,11,0
519,101.262890448995449,5.221694625000000,101.401454513600953,5.101694625000000,12,11,0
520,101.262890448995449,5.101694625000000,101.401454513600953,4.981694625000000,13,11,0
521,101.262890448995449,4.981694625000000,101.401454513600953,4.861694625000000,14,11,3
522,101.262890448995449,4.861694625000000,101.401454513600953,4.741694625000000,15,11,1
523,101.262890448995449,4.741694625000000,101.401454513600953,4.621694625000000,16,11,0
524,101.262890448995449,4.621694625000000,101.401454513600953,4.501694625000000,17,11,7
525,101.262890448995449,4.501694625000000,101.401454513600953,4.381694625000000,18,11,47
526,101.262890448995449,4.381694625000000,101.401454513600953,4.261694625000000,19,11,19
527,101.262890448995449,4.261694625000000,101.401454513600953,4.141694625000001,20,11,85
528,101.262890448995449,4.141694625000001,101.401454513600953,4.021694625000001,21,11,121
529,101.262890448995449,4.021694625000001,101.401454513600953,3.901694625000000,22,11,81
530,101.262890448995449,3.901694625000000,101.401454513600953,3.781694625000000,23,11,56
531,101.262890448995449,3.781694625000000,101.401454513600953,3.661694625000000,24,11,32
532,101.262890448995449,3.661694625000000,101.401454513600953,3.541694625000000,25,11,0
533,101.262890448995449,3.541694625000000,101.401454513600953,3.421694625000000,26,11,0
534,101.262890448995449,3.421694625000000,101.401454513600953,3.301694625000000,27,11,48
535,101.262890448995449,3.301694625000000,101.401454513600953,3.181694625000000,28,11,191
536,101.262890448995449,3.181694625000000,101.401454513600953,3.061694625000000,29,11,277
537,101.262890448995449,3.061694625000000,101.401454513600953,2.941694625000000,30,11,235
538,101.262890448995449,2.941694625000000,101.401454513600953,2.821694625000000,31,11,108
539,101.262890448995449,2.821694625000000,101.401454513600953,2.701694625000000,32,11,1
560,101.366813497449584,5.881694625000000,101.505377562055102,5.761694625000000,7,12,0
561,101.366813497449584,5.761694625000000,101.505377562055102,5.641694625000000,8,12,2
562,101.366813497449584,5.641694625000000,101.505377562055102,5.521694625000000,9,12,3
563,101.366813497449584,5.521694625000000,101.505377562055102,5.401694625000000,10,12,0
564,101.366813497449584,5.401694625000000,101.505377562055102,5.281694625000000,11,12,0
565,101.366813497449584,5.281694625000000,101.505377562055102,5.161694625000000,12,12,6
566,101.366813497449584,5.161694625000000,101.505377562055102,5.041694625000000,13,12,0
567,101.366813497449584,5.041694625000000,101.505377562055102,4.921694625000000,14,12,0
568,101.366813497449584,4.921694625000000,101.505377562055102,4.801694625000000,15,12,0
569,101.366813497449584,4.801694625000000,101.505377562055102,4.681694625000000,16,12,4
570,101.366813497449584,4.681694625000000,101.505377562055102,4.561694625000000,17,12,99
571,101.366813497449584,4.561694625000000,101.505377562055102,4.441694625000000,18,12,85
572,101.366813497449584,4.441694625000000,101.505377562055102,4.321694624999999,19,12,39
573,101.366813497449584,4.321694624999999,101.505377562055102,4.201694625000000,20,12,1
574,101.366813497449584,4.201694625000000,101.505377562055102,4.081694625000000,21,12,1
575,101.366813497449584,4.081694625000000,101.505377562055102,3.961694625000000,22,12,8
576,101.366813497449584,3.961694625000000,101.505377562055102,3.841694625000000,23,12,35
577,101.366813497449584,3.841694625000000,101.505377562055102,3.721694625000000,24,12,107
578,101.366813497449584,3.721694625000000,101.505377562055102,3.601694624999999,25,12,46
579,101.366813497449584,3.601694624999999,101.505377562055102,3.481694625000000,26,12,8
580,101.366813497449584,3.481694625000000,101.505377562055102,3.361694625000000,27,12,96
581,101.366813497449584,3.361694625000000,101.505377562055102,3.241694625000000,28,12,337
582,101.366813497449584,3.241694625000000,101.505377562055102,3.121694625000000,29,12,658
583,101.366813497449584,3.121694625000000,101.505377562055102,3.001694625000000,30,12,1521
584,101.366813497449584,3.001694625000000,101.505377562055102,2.881694625000000,31,12,593
585,101.366813497449584,2.881694625000000,101.505377562055102,2.761694625000000,32,12,331
586,101.366813497449584,2.761694625000000,101.505377562055102,2.641694625000000,33,12,29
605,101.470736545903705,5.941694625000000,101.609300610509237,5.821694625000000,6,13,2
606,101.470736545903705,5.821694625000000,101.609300610509237,5.701694625000000,7,13,0
607,101.470736545903705,5.701694625000000,101.609300610509237,5.581694625000000,8,13,0
608,101.470736545903705,5.581694625000000,101.609300610509237,5.461694625000000,9,13,0
609,101.470736545903705,5.461694625000000,101.609300610509237,5.341694625000000,10,13,0
610,101.470736545903705,5.341694625000000,101.609300610509237,5.221694625000000,11,13,0
611,101.470736545903705,5.221694625000000,101.609300610509237,5.101694625000000,12,13,0
612,101.470736545903705,5.101694625000000,101.609300610509237,4.981694625000000,13,13,2
613,101.470736545903705,4.981694625000000,101.609300610509237,4.861694625000000,14,13,1
614,101.470736545903705,4.861694625000000,101.609300610509237,4.741694625000000,15,13,0
615,101.470736545903705,4.741694625000000,101.609300610509237,4.621694625000000,16,13,7
616,101.470736545903705,4.621694625000000,101.609300610509237,4.501694625000000,17,13,5
617,101.470736545903705,4.501694625000000,101.609300610509237,4.381694625000000,18,13,8
618,101.470736545903705,4.381694625000000,101.609300610509237,4.261694625000000,19,13,1
619,101.470736545903705,4.261694625000000,101.609300610509237,4.141694625000001,20,13,6
620,101.470736545903705,4.141694625000001,101.609300610509237,4.021694625000001,21,13,1
621,101.470736545903705,4.021694625000001,101.609300610509237,3.901694625000000,22,13,4
622,101.470736545903705,3.901694625000000,101.609300610509237,3.781694625000000,23,13,12
623,101.470736545903705,3.781694625000000,101.609300610509237,3.661694625000000,24,13,121
624,101.470736545903705,3.661694625000000,101.609300610509237,3.541694625000000,25,13,85
625,101.470736545903705,3.541694625000000,101.609300610509237,3.421694625000000,26,13,67
626,101.470736545903705,3.421694625000000,101.609300610509237,3.301694625000000,27,13,585
627,101.470736545903705,3.301694625000000,101.609300610509237,3.181694625000000,28,13,839
628,101.470736545903705,3.181694625000000,101.609300610509237,3.061694625000000,29,13,998
629,101.470736545903705,3.061694625000000,101.609300610509237,2.941694625000000,30,13,1099
630,101.470736545903705,2.941694625000000,101.609300610509237,2.821694625000000,31,13,457
631,101.470736545903705,2.821694625000000,101.609300610509237,2.701694625000000,32,13,224
632,101.470736545903705,2.701694625000000,101.609300610509237,2.581694625000000,33,13,95
651,101.574659594357854,6.001694625000000,101.713223658963372,5.881694625000000,6,14,0
652,101.574659594357854,5.881694625000000,101.713223658963372,5.761694625000000,7,14,0
653,101.574659594357854,5.761694625000000,101.713223658963372,5.641694625000000,8,14,0
654,101.574659594357854,5.641694625000000,101.713223658963372,5.521694625000000,9,14,2
655,101.574659594357854,5.521694625000000,101.713223658963372,5.401694625000000,10,14,0
656,101.574659594357854,5.401694625000000,101.713223658963372,5.281694625000000,11,14,0
657,101.574659594357854,5.281694625000000,101.713223658963372,5.161694625000000,12,14,2
658,101.574659594357854,5.161694625000000,101.713223658963372,5.041694625000000,13,14,2
659,101.574659594357854,5.041694625000000,101.713223658963372,4.921694625000000,14,14,1
660,101.574659594357854,4.921694625000000,101.713223658963372,4.801694625000000,15,14,1
661,101.574659594357854,4.801694625000000,101.713223658963372,4.681694625000000,16,14,1
662,101.574659594357854,4.681694625000000,101.713223658963372,4.561694625000000,17,14,1
663,101.574659594357854,4.561694625000000,101.713223658963372,4.441694625000000,18,14,1
664,101.574659594357854,4.441694625000000,101.713223658963372,4.321694624999999,19,14,6
665,101.574659594357854,4.321694624999999,101.713223658963372,4.201694625000000,20,14,3
666,101.574659594357854,4.201694625000000,101.713223658963372,4.081694625000000,21,14,1
667,101.574659594357854,4.081694625000000,101.713223658963372,3.961694625000000,22,14,1
668,101.574659594357854,3.961694625000000,101.713223658963372,3.841694625000000,23,14,0
669,101.574659594357854,3.841694625000000,101.713223658963372,3.721694625000000,24,14,0
670,101.574659594357854,3.721694625000000,101.713223658963372,3.601694624999999,25,14,5
671,101.574659594357854,3.601694624999999,101.713223658963372,3.481694625000000,26,14,137
672,101.574659594357854,3.481694625000000,101.713223658963372,3.361694625000000,27,14,355
673,101.574659594357854,3.361694625000000,101.713223658963372,3.241694625000000,28,14,400
674,101.574659594357854,3.241694625000000,101.713223658963372,3.121694625000000,29,14,1798
675,101.574659594357854,3.121694625000000,101.713223658963372,3.001694625000000,30,14,1764
676,101.574659594357854,3.001694625000000,101.713223658963372,2.881694625000000,31,14,752
677,101.574659594357854,2.881694625000000,101.713223658963372,2.761694625000000,32,14,378
678,101.574659594357854,2.761694625000000,101.713223658963372,2.641694625000000,33,14,71
679,101.574659594357854,2.641694625000000,101.713223658963372,2.521694624999999,34,14,32
698,101.678582642811989,5.821694625000000,101.817146707417507,5.701694625000000,7,15,34
699,101.678582642811989,5.701694625000000,101.817146707417507,5.581694625000000,8,15,12
700,101.678582642811989,5.581694625000000,101.817146707417507,5.461694625000000,9,15,0
701,101.678582642811989,5.461694625000000,101.817146707417507,5.341694625000000,10,15,0
702,101.678582642811989,5.341694625000000,101.817146707417507,5.221694625000000,11,15,0
703,101.678582642811989,5.221694625000000,101.817146707417507,5.101694625000000,12,15,1
704,101.678582642811989,5.101694625000000,101.817146707417507,4.981694625000000,13,15,3
705,101.678582642811989,4.981694625000000,101.817146707417507,4.861694625000000,14,15,12
706,101.678582642811989,4.861694625000000,101.817146707417507,4.741694625000000,15,15,2
707,101.678582642811989,4.741694625000000,101.817146707417507,4.621694625000000,16,15,1
708,101.678582642811989,4.621694625000000,101.817146707417507,4.501694625000000,17,15,0
709,101.678582642811989,4.501694625000000,101.817146707417507,4.381694625000000,18,15,0
710,101.678582642811989,4.381694625000000,101.817146707417507,4.261694625000000,19,15,5
711,101.678582642811989,4.261694625000000,101.817146707417507,4.141694625000001,20,15,20
712,101.678582642811989,4.141694625000001,101.817146707417507,4.021694625000001,21,15,27
713,101.678582642811989,4.021694625000001,101.817146707417507,3.901694625000000,22,15,7
714,101.678582642811989,3.901694625000000,101.817146707417507,3.781694625000000,23,15,1
715,101.678582642811989,3.781694625000000,101.817146707417507,3.661694625000000,24,15,9
716,101.678582642811989,3.661694625000000,101.817146707417507,3.541694625000000,25,15,2
717,101.678582642811989,3.541694625000000,101.817146707417507,3.421694625000000,26,15,8
718,101.678582642811989,3.421694625000000,101.817146707417507,3.301694625000000,27,15,26
719,101.678582642811989,3.301694625000000,101.817146707417507,3.181694625000000,28,15,1056
720,101.678582642811989,3.181694625000000,101.817146707417507,3.061694625000000,29,15,1770
721,101.678582642811989,3.061694625000000,101.817146707417507,2.941694625000000,30,15,1554
722,101.678582642811989,2.941694625000000,101.817146707417507,2.821694625000000,31,15,578
723,101.678582642811989,2.821694625000000,101.817146707417507,2.701694625000000,32,15,368
724,101.678582642811989,2.701694625000000,101.817146707417507,2.581694625000000,33,15,241
725,101.678582642811989,2.581694625000000,101.817146707417507,2.461694625000000,34,15,38
744,101.782505691266110,5.881694625000000,101.921069755871628,5.761694625000000,7,16,71
745,101.782505691266110,5.761694625000000,101.921069755871628,5.641694625000000,8,16,68
746,101.782505691266110,5.641694625000000,101.921069755871628,5.521694625000000,9,16,14
747,101.782505691266110,5.521694625000000,101.921069755871628,5.401694625000000,10,16,17
748,101.782505691266110,5.401694625000000,101.921069755871628,5.281694625000000,11,16,0
749,101.782505691266110,5.281694625000000,101.921069755871628,5.161694625000000,12,16,0
750,101.782505691266110,5.161694625000000,101.921069755871628,5.041694625000000,13,16,0
751,101.782505691266110,5.041694625000000,101.921069755871628,4.921694625000000,14,16,0
752,101.782505691266110,4.921694625000000,101.921069755871628,4.801694625000000,15,16,7
753,101.782505691266110,4.801694625000000,101.921069755871628,4.681694625000000,16,16,3
754,101.782505691266110,4.681694625000000,101.921069755871628,4.561694625000000,17,16,0
755,101.782505691266110,4.561694625000000,101.921069755871628,4.441694625000000,18,16,0
756,101.782505691266110,4.441694625000000,101.921069755871628,4.321694624999999,19,16,0
757,101.782505691266110,4.321694624999999,101.921069755871628,4.201694625000000,20,16,45
758,101.782505691266110,4.201694625000000,101.921069755871628,4.081694625000000,21,16,7
759,101.782505691266110,4.081694625000000,101.921069755871628,3.961694625000000,22,16,13
760,101.782505691266110,3.961694625000000,101.921069755871628,3.841694625000000,23,16,77
761,101.782505691266110,3.841694625000000,101.921069755871628,3.721694625000000,24,16,175
762,101.782505691266110,3.721694625000000,101.921069755871628,3.601694624999999,25,16,54
763,101.782505691266110,3.601694624999999,101.921069755871628,3.481694625000000,26,16,65
764,101.782505691266110,3.481694625000000,101.921069755871628,3.361694625000000,27,16,4
765,101.782505691266110,3.361694625000000,101.921069755871628,3.241694625000000,28,16,37
766,101.782505691266110,3.241694625000000,101.921069755871628,3.121694625000000,29,16,148
767,101.782505691266110,3.121694625000000,101.921069755871628,3.001694625000000,30,16,343
768,101.782505691266110,3.001694625000000,101.921069755871628,2.881694625000000,31,16,727
769,101.782505691266110,2.881694625000000,101.921069755871628,2.761694625000000,32,16,463
770,101.782505691266110,2.761694625000000,101.921069755871628,2.641694625000000,33,16,450
771,101.782505691266110,2.641694625000000,101.921069755871628,2.521694624999999,34,16,209
772,101.782505691266110,2.521694624999999,101.921069755871628,2.401694624999999,35,16,185
773,101.782505691266110,2.401694624999999,101.921069755871628,2.281694625000000,36,16,0
788,101.886428739720245,6.061694625000000,102.024992804325763,5.941694625000000,5,17,37
789,101.886428739720245,5.941694625000000,102.024992804325763,5.821694625000000,6,17,84
790,101.886428739720245,5.821694625000000,102.024992804325763,5.701694625000000,7,17,61
791,101.886428739720245,5.701694625000000,102.024992804325763,5.581694625000000,8,17,1
792,101.886428739720245,5.581694625000000,102.024992804325763,5.461694625000000,9,17,4
793,101.886428739720245,5.461694625000000,102.024992804325763,5.341694625000000,10,17,25
794,101.886428739720245,5.341694625000000,102.024992804325763,5.221694625000000,11,17,5
795,101.886428739720245,5.221694625000000,102.024992804325763,5.101694625000000,12,17,11
796,101.886428739720245,5.101694625000000,102.024992804325763,4.981694625000000,13,17,6
797,101.886428739720245,4.981694625000000,102.024992804325763,4.861694625000000,14,17,47
798,101.886428739720245,4.861694625000000,102.024992804325763,4.741694625000000,15,17,105
799,101.886428739720245,4.741694625000000,102.024992804325763,4.621694625000000,16,17,23
800,101.886428739720245,4.621694625000000,102.024992804325763,4.501694625000000,17,17,3
801,101.886428739720245,4.501694625000000,102.024992804325763,4.381694625000000,18,17,11
802,101.886428739720245,4.381694625000000,102.024992804325763,4.261694625000000,19,17,13
803,101.886428739720245,4.261694625000000,102.024992804325763,4.141694625000001,20,17,42
804,101.886428739720245,4.141694625000001,102.024992804325763,4.021694625000001,21,17,22
805,101.886428739720245,4.021694625000001,102.024992804325763,3.901694625000000,22,17,46
806,101.886428739720245,3.901694625000000,102.024992804325763,3.781694625000000,23,17,88
807,101.886428739720245,3.781694625000000,102.024992804325763,3.661694625000000,24,17,33
808,101.886428739720245,3.661694625000000,102.024992804325763,3.541694625000000,25,17,26
809,101.886428739720245,3.541694625000000,102.024992804325763,3.421694625000000,26,17,100
810,101.886428739720245,3.421694625000000,102.024992804325763,3.301694625000000,27,17,1
811,101.886428739720245,3.301694625000000,102.024992804325763,3.181694625000000,28,17,0
812,101.886428739720245,3.181694625000000,102.024992804325763,3.061694625000000,29,17,13
813,101.886428739720245,3.061694625000000,102.024992804325763,2.941694625000000,30,17,10
814,101.886428739720245,2.941694625000000,102.024992804325763,2.821694625000000,31,17,136
815,101.886428739720245,2.821694625000000,102.024992804325763,2.701694625000000,32,17,719
816,101.886428739720245,2.701694625000000,102.024992804325763,2.581694625000000,33,17,636
817,101.886428739720245,2.581694625000000,102.024992804325763,2.461694625000000,34,17,42
818,101.886428739720245,2.461694625000000,102.024992804325763,2.341694625000000,35,17,60
819,101.886428739720245,2.341694625000000,102.024992804325763,2.221694625000000,36,17,0
832,101.990351788174380,6.361694625000000,102.128915852779897,6.241694625000000,3,18,2
833,101.990351788174380,6.241694625000000,102.128915852779897,6.121694625000000,4,18,192
834,101.990351788174380,6.121694625000000,102.128915852779897,6.001694625000000,5,18,250
835,101.990351788174380,6.001694625000000,102.128915852779897,5.881694625000000,6,18,106
836,101.990351788174380,5.881694625000000,102.128915852779897,5.761694625000000,7,18,166
837,101.990351788174380,5.761694625000000,102.128915852779897,5.641694625000000,8,18,68
838,101.990351788174380,5.641694625000000,102.128915852779897,5.521694625000000,9,18,2
839,101.990351788174380,5.521694625000000,102.128915852779897,5.401694625000000,10,18,0
840,101.990351788174380,5.401694625000000,102.128915852779897,5.281694625000000,11,18,18
841,101.990351788174380,5.281694625000000,102.128915852779897,5.161694625000000,12,18,9
842,101.990351788174380,5.161694625000000,102.128915852779897,5.041694625000000,13,18,21
843,101.990351788174380,5.041694625000000,102.128915852779897,4.921694625000000,14,18,21
844,101.990351788174380,4.921694625000000,102.128915852779897,4.801694625000000,15,18,6
845,101.990351788174380,4.801694625000000,102.128915852779897,4.681694625000000,16,18,8
846,101.990351788174380,4.681694625000000,102.128915852779897,4.561694625000000,17,18,3
847,101.990351788174380,4.561694625000000,102.128915852779897,4.441694625000000,18,18,0
848,101.990351788174380,4.441694625000000,102.128915852779897,4.321694624999999,19,18,15
849,101.990351788174380,4.321694624999999,102.128915852779897,4.201694625000000,20,18,6
850,101.990351788174380,4.201694625000000,102.128915852779897,4.081694625000000,21,18,51
851,101.990351788174380,4.081694625000000,102.128915852779897,3.961694625000000,22,18,13
852,101.990351788174380,3.961694625000000,102.128915852779897,3.841694625000000,23,18,3
853,101.990351788174380,3.841694625000000,102.128915852779897,3.721694625000000,24,18,6
854,101.990351788174380,3.721694625000000,102.128915852779897,3.601694624999999,25,18,3
855,101.990351788174380,3.601694624999999,102.128915852779897,3.481694625000000,26,18,33
856,101.990351788174380,3.481694625000000,102.128915852779897,3.361694625000000,27,18,53
857,101.990351788174380,3.361694625000000,102.128915852779897,3.241694625000000,28,18,10
858,101.990351788174380,3.241694625000000,102.128915852779897,3.121694625000000,29,18,0
859,101.990351788174380,3.121694625000000,102.128915852779897,3.001694625000000,30,18,17
860,101.990351788174380,3.001694625000000,102.128915852779897,2.881694625000000,31,18,103
861,101.990351788174380,2.881694625000000,102.128915852779897,2.761694625000000,32,18,3
862,101.990351788174380,2.761694625000000,102.128915852779897,2.641694625000000,33,18,123
863,101.990351788174380,2.641694625000000,102.128915852779897,2.521694624999999,34,18,184
864,101.990351788174380,2.521694624999999,102.128915852779897,2.401694624999999,35,18,91
865,101.990351788174380,2.401694624999999,102.128915852779897,2.281694625000000,36,18,301
866,101.990351788174380,2.281694625000000,102.128915852779897,2.161694625000000,37,18,0
878,102.094274836628514,6.301694625000000,102.232838901234032,6.181694625000000,3,19,193
879,102.094274836628514,6.181694625000000,102.232838901234032,6.061694625000000,4,19,850
880,102.094274836628514,6.061694625000000,102.232838901234032,5.941694625000000,5,19,566
881,102.094274836628514,5.941694625000000,102.232838901234032,5.821694625000000,6,19,291
882,102.094274836628514,5.821694625000000,102.232838901234032,5.701694625000000,7,19,441
883,102.094274836628514,5.701694625000000,102.232838901234032,5.581694625000000,8,19,79
884,102.094274836628514,5.581694625000000,102.232838901234032,5.461694625000000,9,19,106
885,102.094274836628514,5.461694625000000,102.232838901234032,5.341694625000000,10,19,6
886,102.094274836628514,5.341694625000000,102.232838901234032,5.221694625000000,11,19,5
887,102.094274836628514,5.221694625000000,102.232838901234032,5.101694625000000,12,19,2
888,102.094274836628514,5.101694625000000,102.232838901234032,4.981694625000000,13,19,4
889,102.094274836628514,4.981694625000000,102.232838901234032,4.861694625000000,14,19,30
890,102.094274836628514,4.861694625000000,102.232838901234032,4.741694625000000,15,19,1
891,102.094274836628514,4.741694625000000,102.232838901234032,4.621694625000000,16,19,0
892,102.094274836628514,4.621694625000000,102.232838901234032,4.501694625000000,17,19,0
893,102.094274836628514,4.501694625000000,102.232838901234032,4.381694625000000,18,19,0
894,102.094274836628514,4.381694625000000,102.232838901234032,4.261694625000000,19,19,1
895,102.094274836628514,4.261694625000000,102.232838901234032,4.141694625000001,20,19,1
896,102.094274836628514,4.141694625000001,102.232838901234032,4.021694625000001,21,19,8
897,102.094274836628514,4.021694625000001,102.232838901234032,3.901694625000000,22,19,21
898,102.094274836628514,3.901694625000000,102.232838901234032,3.781694625000000,23,19,7
899,102.094274836628514,3.781694625000000,102.232838901234032,3.661694625000000,24,19,1
900,102.094274836628514,3.661694625000000,102.232838901234032,3.541694625000000,25,19,13
901,102.094274836628514,3.541694625000000,102.232838901234032,3.421694625000000,26,19,30
902,102.094274836628514,3.421694625000000,102.232838901234032,3.301694625000000,27,19,1
903,102.094274836628514,3.301694625000000,102.232838901234032,3.181694625000000,28,19,18
904,102.094274836628514,3.181694625000000,102.232838901234032,3.061694625000000,29,19,21
905,102.094274836628514,3.061694625000000,102.232838901234032,2.941694625000000,30,19,15
906,102.094274836628514,2.941694625000000,102.232838901234032,2.821694625000000,31,19,14
907,102.094274836628514,2.821694625000000,102.232838901234032,2.701694625000000,32,19,61
908,102.094274836628514,2.701694625000000,102.232838901234032,2.581694625000000,33,19,32
909,102.094274836628514,2.581694625000000,102.232838901234032,2.461694625000000,34,19,114
910,102.094274836628514,2.461694625000000,102.232838901234032,2.341694625000000,35,19,214
911,102.094274836628514,2.341694625000000,102.232838901234032,2.221694625000000,36,19,654
912,102.094274836628514,2.221694625000000,102.232838901234032,2.101694624999999,37,19,30
925,102.198197885082649,6.241694625000000,102.336761949688153,6.121694625000000,4,20,1072
926,102.198197885082649,6.121694625000000,102.336761949688153,6.001694625000000,5,20,1276
927,102.198197885082649,6.001694625000000,102.336761949688153,5.881694625000000,6,20,438
928,102.198197885082649,5.881694625000000,102.336761949688153,5.761694625000000,7,20,187
929,102.198197885082649,5.761694625000000,102.336761949688153,5.641694625000000,8,20,95
930,102.198197885082649,5.641694625000000,102.336761949688153,5.521694625000000,9,20,56
931,102.198197885082649,5.521694625000000,102.336761949688153,5.401694625000000,10,20,60
932,102.198197885082649,5.401694625000000,102.336761949688153,5.281694625000000,11,20,72
933,102.198197885082649,5.281694625000000,102.336761949688153,5.161694625000000,12,20,5
934,102.198197885082649,5.161694625000000,102.336761949688153,5.041694625000000,13,20,5
935,102.198197885082649,5.041694625000000,102.336761949688153,4.921694625000000,14,20,28
936,102.198197885082649,4.921694625000000,102.336761949688153,4.801694625000000,15,20,4
937,102.198197885082649,4.801694625000000,102.336761949688153,4.681694625000000,16,20,2
938,102.198197885082649,4.681694625000000,102.336761949688153,4.561694625000000,17,20,0
939,102.198197885082649,4.561694625000000,102.336761949688153,4.441694625000000,18,20,0
940,102.198197885082649,4.441694625000000,102.336761949688153,4.321694624999999,19,20,0
941,102.198197885082649,4.321694624999999,102.336761949688153,4.201694625000000,20,20,0
942,102.198197885082649,4.201694625000000,102.336761949688153,4.081694625000000,21,20,6
943,102.198197885082649,4.081694625000000,102.336761949688153,3.961694625000000,22,20,15
944,102.198197885082649,3.961694625000000,102.336761949688153,3.841694625000000,23,20,19
945,102.198197885082649,3.841694625000000,102.336761949688153,3.721694625000000,24,20,11
946,102.198197885082649,3.721694625000000,102.336761949688153,3.601694624999999,25,20,17
947,102.198197885082649,3.601694624999999,102.336761949688153,3.481694625000000,26,20,28
948,102.198197885082649,3.481694625000000,102.336761949688153,3.361694625000000,27,20,1
949,102.198197885082649,3.361694625000000,102.336761949688153,3.241694625000000,28,20,24
950,102.198197885082649,3.241694625000000,102.336761949688153,3.121694625000000,29,20,54
951,102.198197885082649,3.121694625000000,102.336761949688153,3.001694625000000,30,20,50
952,102.198197885082649,3.001694625000000,102.336761949688153,2.881694625000000,31,20,64
953,102.198197885082649,2.881694625000000,102.336761949688153,2.761694625000000,32,20,86
954,102.198197885082649,2.761694625000000,102.336761949688153,2.641694625000000,33,20,112
955,102.198197885082649,2.641694625000000,102.336761949688153,2.521694624999999,34,20,53
956,102.198197885082649,2.521694624999999,102.336761949688153,2.401694624999999,35,20,280
957,102.198197885082649,2.401694624999999,102.336761949688153,2.281694625000000,36,20,489
958,102.198197885082649,2.281694625000000,102.336761949688153,2.161694625000000,37,20,1659
959,102.198197885082649,2.161694625000000,102.336761949688153,2.041694625000000,38,20,0
970,102.302120933536784,6.301694625000000,102.440684998142302,6.181694625000000,3,21,0
971,102.302120933536784,6.181694625000000,102.440684998142302,6.061694625000000,4,21,552
972,102.302120933536784,6.061694625000000,102.440684998142302,5.941694625000000,5,21,427
973,102.302120933536784,5.941694625000000,102.440684998142302,5.821694625000000,6,21,343
974,102.302120933536784,5.821694625000000,102.440684998142302,5.701694625000000,7,21,94
975,102.302120933536784,5.701694625000000,102.440684998142302,5.581694625000000,8,21,1
976,102.302120933536784,5.581694625000000,102.440684998142302,5.461694625000000,9,21,0
977,102.302120933536784,5.461694625000000,102.440684998142302,5.341694625000000,10,21,10
978,102.302120933536784,5.341694625000000,102.440684998142302,5.221694625000000,11,21,1
979,102.302120933536784,5.221694625000000,102.440684998142302,5.101694625000000,12,21,2
980,102.302120933536784,5.101694625000000,102.440684998142302,4.981694625000000,13,21,2
981,102.302120933536784,4.981694625000000,102.440684998142302,4.861694625000000,14,21,4
982,102.302120933536784,4.861694625000000,102.440684998142302,4.741694625000000,15,21,1
983,102.302120933536784,4.741694625000000,102.440684998142302,4.621694625000000,16,21,0
984,102.302120933536784,4.621694625000000,102.440684998142302,4.501694625000000,17,21,0
985,102.302120933536784,4.501694625000000,102.440684998142302,4.381694625000000,18,21,6
986,102.302120933536784,4.381694625000000,102.440684998142302,4.261694625000000,19,21,26
987,102.302120933536784,4.261694625000000,102.440684998142302,4.141694625000001,20,21,4
988,102.302120933536784,4.141694625000001,102.440684998142302,4.021694625000001,21,21,44
989,102.302120933536784,4.021694625000001,102.440684998142302,3.901694625000000,22,21,92
990,102.302120933536784,3.901694625000000,102.440684998142302,3.781694625000000,23,21,62
991,102.302120933536784,3.781694625000000,102.440684998142302,3.661694625000000,24,21,49
992,102.302120933536784,3.661694625000000,102.440684998142302,3.541694625000000,25,21,37
993,102.302120933536784,3.541694625000000,102.440684998142302,3.421694625000000,26,21,184
994,102.302120933536784,3.421694625000000,102.440684998142302,3.301694625000000,27,21,11
995,102.302120933536784,3.301694625000000,102.440684998142302,3.181694625000000,28,21,50
996,102.302120933536784,3.181694625000000,102.440684998142302,3.061694625000000,29,21,36
997,102.302120933536784,3.061694625000000,102.440684998142302,2.941694625000000,30,21,33
998,102.302120933536784,2.941694625000000,102.440684998142302,2.821694625000000,31,21,110
999,102.302120933536784,2.821694625000000,102.440684998142302,2.701694625000000,32,21,141
1000,102.302120933536784,2.701694625000000,102.440684998142302,2.581694625000000,33,21,63
1001,102.302120933536784,2.581694625000000,102.440684998142302,2.461694625000000,34,21,78
1002,102.302120933536784,2.461694625000000,102.440684998142302,2.341694625000000,35,21,77
1003,102.302120933536784,2.341694625000000,102.440684998142302,2.221694625000000,36,21,312
1004,102.302120933536784,2.221694625000000,102.440684998142302,2.101694624999999,37,21,420
1019,102.406043981990905,6.001694625000000,102.544608046596437,5.881694625000000,6,22,74
1020,102.406043981990905,5.881694625000000,102.544608046596437,5.761694625000000,7,22,243
1021,102.406043981990905,5.761694625000000,102.544608046596437,5.641694625000000,8,22,229
1022,102.406043981990905,5.641694625000000,102.544608046596437,5.521694625000000,9,22,45
1023,102.406043981990905,5.521694625000000,102.544608046596437,5.401694625000000,10,22,11
1024,102.406043981990905,5.401694625000000,102.544608046596437,5.281694625000000,11,22,0
1025,102.406043981990905,5.281694625000000,102.544608046596437,5.161694625000000,12,22,0
1026,102.406043981990905,5.161694625000000,102.544608046596437,5.041694625000000,13,22,0
1027,102.406043981990905,5.041694625000000,102.544608046596437,4.921694625000000,14,22,7
1028,102.406043981990905,4.921694625000000,102.544608046596437,4.801694625000000,15,22,2
1029,102.406043981990905,4.801694625000000,102.544608046596437,4.681694625000000,16,22,0
1030,102.406043981990905,4.681694625000000,102.544608046596437,4.561694625000000,17,22,0
1031,102.406043981990905,4.561694625000000,102.544608046596437,4.441694625000000,18,22,1
1032,102.406043981990905,4.441694625000000,102.544608046596437,4.321694624999999,19,22,0
1033,102.406043981990905,4.321694624999999,102.544608046596437,4.201694625000000,20,22,0
1034,102.406043981990905,4.201694625000000,102.544608046596437,4.081694625000000,21,22,0
1035,102.406043981990905,4.081694625000000,102.544608046596437,3.961694625000000,22,22,0
1036,102.406043981990905,3.961694625000000,102.544608046596437,3.841694625000000,23,22,64
1037,102.406043981990905,3.841694625000000,102.544608046596437,3.721694625000000,24,22,80
1038,102.406043981990905,3.721694625000000,102.544608046596437,3.601694624999999,25,22,29
1039,102.406043981990905,3.601694624999999,102.544608046596437,3.481694625000000,26,22,44
1040,102.406043981990905,3.481694625000000,102.544608046596437,3.361694625000000,27,22,74
1041,102.406043981990905,3.361694625000000,102.544608046596437,3.241694625000000,28,22,54
1042,102.406043981990905,3.241694625000000,102.544608046596437,3.121694625000000,29,22,6
1043,102.406043981990905,3.121694625000000,102.544608046596437,3.001694625000000,30,22,30
1044,102.406043981990905,3.001694625000000,102.544608046596437,2.881694625000000,31,22,30
1045,102.406043981990905,2.881694625000000,102.544608046596437,2.761694625000000,32,22,27
1046,102.406043981990905,2.761694625000000,102.544608046596437,2.641694625000000,33,22,65
1047,102.406043981990905,2.641694625000000,102.544608046596437,2.521694624999999,34,22,40
1048,102.406043981990905,2.521694624999999,102.544608046596437,2.401694624999999,35,22,39
1049,102.406043981990905,2.401694624999999,102.544608046596437,2.281694625000000,36,22,142
1050,102.406043981990905,2.281694625000000,102.544608046596437,2.161694625000000,37,22,79
1051,102.406043981990905,2.161694625000000,102.544608046596437,2.041694625000000,38,22,188
1065,102.509967030445040,5.941694625000000,102.648531095050558,5.821694625000000,6,23,64
1066,102.509967030445040,5.821694625000000,102.648531095050558,5.701694625000000,7,23,327
1067,102.509967030445040,5.701694625000000,102.648531095050558,5.581694625000000,8,23,83
1068,102.509967030445040,5.581694625000000,102.648531095050558,5.461694625000000,9,23,1
1069,102.509967030445040,5.461694625000000,102.648531095050558,5.341694625000000,10,23,0
1070,102.509967030445040,5.341694625000000,102.648531095050558,5.221694625000000,11,23,0
1071,102.509967030445040,5.221694625000000,102.648531095050558,5.101694625000000,12,23,1
1072,102.509967030445040,5.101694625000000,102.648531095050558,4.981694625000000,13,23,0
1073,102.509967030445040,4.981694625000000,102.648531095050558,4.861694625000000,14,23,0
1074,102.509967030445040,4.861694625000000,102.648531095050558,4.741694625000000,15,23,0
1075,102.509967030445040,4.741694625000000,102.648531095050558,4.621694625000000,16,23,0
1076,102.509967030445040,4.621694625000000,102.648531095050558,4.501694625000000,17,23,2
1077,102.509967030445040,4.501694625000000,102.648531095050558,4.381694625000000,18,23,0
1078,102.509967030445040,4.381694625000000,102.648531095050558,4.261694625000000,19,23,0
1079,102.509967030445040,4.261694625000000,102.648531095050558,4.141694625000001,20,23,0
1080,102.509967030445040,4.141694625000001,102.648531095050558,4.021694625000001,21,23,0
1081,102.509967030445040,4.021694625000001,102.648531095050558,3.901694625000000,22,23,23
1082,102.509967030445040,3.901694625000000,102.648531095050558,3.781694625000000,23,23,55
1083,102.509967030445040,3.781694625000000,102.648531095050558,3.661694625000000,24,23,92
1084,102.509967030445040,3.661694625000000,102.648531095050558,3.541694625000000,25,23,37
1085,102.509967030445040,3.541694625000000,102.648531095050558,3.421694625000000,26,23,55
1086,102.509967030445040,3.421694625000000,102.648531095050558,3.301694625000000,27,23,49
1087,102.509967030445040,3.301694625000000,102.648531095050558,3.181694625000000,28,23,49
1088,102.509967030445040,3.181694625000000,102.648531095050558,3.061694625000000,29,23,1
1089,102.509967030445040,3.061694625000000,102.648531095050558,2.941694625000000,30,23,9
1090,102.509967030445040,2.941694625000000,102.648531095050558,2.821694625000000,31,23,19
1091,102.509967030445040,2.821694625000000,102.648531095050558,2.701694625000000,32,23,44
1092,102.509967030445040,2.701694625000000,102.648531095050558,2.581694625000000,33,23,85
1093,102.509967030445040,2.581694625000000,102.648531095050558,2.461694625000000,34,23,40
1094,102.509967030445040,2.461694625000000,102.648531095050558,2.341694625000000,35,23,15
1095,102.509967030445040,2.341694625000000,102.648531095050558,2.221694625000000,36,23,213
1096,102.509967030445040,2.221694625000000,102.648531095050558,2.101694624999999,37,23,137
1097,102.509967030445040,2.101694624999999,102.648531095050558,1.981694624999999,38,23,722
1098,102.509967030445040,1.981694624999999,102.648531095050558,1.861694625000000,39,23,8
1112,102.613890078899175,5.881694625000000,102.752454143504693,5.761694625000000,7,24,0
1113,102.613890078899175,5.761694625000000,102.752454143504693,5.641694625000000,8,24,44
1114,102.613890078899175,5.641694625000000,102.752454143504693,5.521694625000000,9,24,43
1115,102.613890078899175,5.521694625000000,102.752454143504693,5.401694625000000,10,24,6
1116,102.613890078899175,5.401694625000000,102.752454143504693,5.281694625000000,11,24,0
1117,102.613890078899175,5.281694625000000,102.752454143504693,5.161694625000000,12,24,0
1118,102.613890078899175,5.161694625000000,102.752454143504693,5.041694625000000,13,24,0
1119,102.613890078899175,5.041694625000000,102.752454143504693,4.921694625000000,14,24,0
1120,102.613890078899175,4.921694625000000,102.752454143504693,4.801694625000000,15,24,0
1121,102.613890078899175,4.801694625000000,102.752454143504693,4.681694625000000,16,24,0
1122,102.613890078899175,4.681694625000000,102.752454143504693,4.561694625000000,17,24,0
1123,102.613890078899175,4.561694625000000,102.752454143504693,4.441694625000000,18,24,6
1124,102.613890078899175,4.441694625000000,102.752454143504693,4.321694624999999,19,24,0
1125,102.613890078899175,4.321694624999999,102.752454143504693,4.201694625000000,20,24,0
1126,102.613890078899175,4.201694625000000,102.752454143504693,4.081694625000000,21,24,0
1127,102.613890078899175,4.081694625000000,102.752454143504693,3.961694625000000,22,24,1
1128,102.613890078899175,3.961694625000000,102.752454143504693,3.841694625000000,23,24,13
1129,102.613890078899175,3.841694625000000,102.752454143504693,3.721694625000000,24,24,19
1130,102.613890078899175,3.721694625000000,102.752454143504693,3.601694624999999,25,24,18
1131,102.613890078899175,3.601694624999999,102.752454143504693,3.481694625000000,26,24,21
1132,102.613890078899175,3.481694625000000,102.752454143504693,3.361694625000000,27,24,18
1133,102.613890078899175,3.361694625000000,102.752454143504693,3.241694625000000,28,24,9
1134,102.613890078899175,3.241694625000000,102.752454143504693,3.121694625000000,29,24,0
1135,102.613890078899175,3.121694625000000,102.752454143504693,3.001694625000000,30,24,8
1136,102.613890078899175,3.001694625000000,102.752454143504693,2.881694625000000,31,24,3
1137,102.613890078899175,2.881694625000000,102.752454143504693,2.761694625000000,32,24,22
1138,102.613890078899175,2.761694625000000,102.752454143504693,2.641694625000000,33,24,57
1139,102.613890078899175,2.641694625000000,102.752454143504693,2.521694624999999,34,24,42
1140,102.613890078899175,2.521694624999999,102.752454143504693,2.401694624999999,35,24,31
1141,102.613890078899175,2.401694624999999,102.752454143504693,2.281694625000000,36,24,27
1142,102.613890078899175,2.281694625000000,102.752454143504693,2.161694625000000,37,24,90
1143,102.613890078899175,2.161694625000000,102.752454143504693,2.041694625000000,38,24,170
1144,102.613890078899175,2.041694625000000,102.752454143504693,1.921694625000000,39,24,160
1145,102.613890078899175,1.921694625000000,102.752454143504693,1.801694625000000,40,24,19
1158,102.717813127353310,5.821694625000000,102.856377191958828,5.701694625000000,7,25,0
1159,102.717813127353310,5.701694625000000,102.856377191958828,5.581694625000000,8,25,56
1160,102.717813127353310,5.581694625000000,102.856377191958828,5.461694625000000,9,25,97
1161,102.717813127353310,5.461694625000000,102.856377191958828,5.341694625000000,10,25,22
1162,102.717813127353310,5.341694625000000,102.856377191958828,5.221694625000000,11,25,2
1163,102.717813127353310,5.221694625000000,102.856377191958828,5.101694625000000,12,25,5
1164,102.717813127353310,5.101694625000000,102.856377191958828,4.981694625000000,13,25,0
1165,102.717813127353310,4.981694625000000,102.856377191958828,4.861694625000000,14,25,0
1166,102.717813127353310,4.861694625000000,102.856377191958828,4.741694625000000,15,25,0
1167,102.717813127353310,4.741694625000000,102.856377191958828,4.621694625000000,16,25,0
1168,102.717813127353310,4.621694625000000,102.856377191958828,4.501694625000000,17,25,0
1169,102.717813127353310,4.501694625000000,102.856377191958828,4.381694625000000,18,25,0
1170,102.717813127353310,4.381694625000000,102.856377191958828,4.261694625000000,19,25,0
1171,102.717813127353310,4.261694625000000,102.856377191958828,4.141694625000001,20,25,0
1172,102.717813127353310,4.141694625000001,102.856377191958828,4.021694625000001,21,25,0
1173,102.717813127353310,4.021694625000001,102.856377191958828,3.901694625000000,22,25,17
1174,102.717813127353310,3.901694625000000,102.856377191958828,3.781694625000000,23,25,6
1175,102.717813127353310,3.781694625000000,102.856377191958828,3.661694625000000,24,25,1
1176,102.717813127353310,3.661694625000000,102.856377191958828,3.541694625000000,25,25,18
1177,102.717813127353310,3.541694625000000,102.856377191958828,3.421694625000000,26,25,8
1178,102.717813127353310,3.421694625000000,102.856377191958828,3.301694625000000,27,25,0
1179,102.717813127353310,3.301694625000000,102.856377191958828,3.181694625000000,28,25,0
1180,102.717813127353310,3.181694625000000,102.856377191958828,3.061694625000000,29,25,2
1181,102.717813127353310,3.061694625000000,102.856377191958828,2.941694625000000,30,25,6
1182,102.717813127353310,2.941694625000000,102.856377191958828,2.821694625000000,31,25,7
1183,102.717813127353310,2.821694625000000,102.856377191958828,2.701694625000000,32,25,11
1184,102.717813127353310,2.701694625000000,102.856377191958828,2.581694625000000,33,25,17
1185,102.717813127353310,2.581694625000000,102.856377191958828,2.461694625000000,34,25,214
1186,102.717813127353310,2.461694625000000,102.856377191958828,2.341694625000000,35,25,27
1187,102.717813127353310,2.341694625000000,102.856377191958828,2.221694625000000,36,25,60
1188,102.717813127353310,2.221694625000000,102.856377191958828,2.101694624999999,37,25,54
1189,102.717813127353310,2.101694624999999,102.856377191958828,1.981694624999999,38,25,39
1190,102.717813127353310,1.981694624999999,102.856377191958828,1.861694625000000,39,25,220
1191,102.717813127353310,1.861694625000000,102.856377191958828,1.741694625000000,40,25,0
1206,102.821736175807445,5.641694625000000,102.960300240412963,5.521694625000000,9,26,47
1207,102.821736175807445,5.521694625000000,102.960300240412963,5.401694625000000,10,26,40
1208,102.821736175807445,5.401694625000000,102.960300240412963,5.281694625000000,11,26,44
1209,102.821736175807445,5.281694625000000,102.960300240412963,5.161694625000000,12,26,27
1210,102.821736175807445,5.161694625000000,102.960300240412963,5.041694625000000,13,26,28
1211,102.821736175807445,5.041694625000000,102.960300240412963,4.921694625000000,14,26,0
1212,102.821736175807445,4.921694625000000,102.960300240412963,4.801694625000000,15,26,0
1213,102.821736175807445,4.801694625000000,102.960300240412963,4.681694625000000,16,26,0
1214,102.821736175807445,4.681694625000000,102.960300240412963,4.561694625000000,17,26,0
1215,102.821736175807445,4.561694625000000,102.960300240412963,4.441694625000000,18,26,0
1216,102.821736175807445,4.441694625000000,102.960300240412963,4.321694624999999,19,26,1
1217,102.821736175807445,4.321694624999999,102.960300240412963,4.201694625000000,20,26,0
1218,102.821736175807445,4.201694625000000,102.960300240412963,4.081694625000000,21,26,0
1219,102.821736175807445,4.081694625000000,102.960300240412963,3.961694625000000,22,26,0
1220,102.821736175807445,3.961694625000000,102.960300240412963,3.841694625000000,23,26,0
1221,102.821736175807445,3.841694625000000,102.960300240412963,3.721694625000000,24,26,1
1222,102.821736175807445,3.721694625000000,102.960300240412963,3.601694624999999,25,26,24
1223,102.821736175807445,3.601694624999999,102.960300240412963,3.481694625000000,26,26,16
1224,102.821736175807445,3.481694625000000,102.960300240412963,3.361694625000000,27,26,11
1225,102.821736175807445,3.361694625000000,102.960300240412963,3.241694625000000,28,26,0
1226,102.821736175807445,3.241694625000000,102.960300240412963,3.121694625000000,29,26,2
1227,102.821736175807445,3.121694625000000,102.960300240412963,3.001694625000000,30,26,4
1228,102.821736175807445,3.001694625000000,102.960300240412963,2.881694625000000,31,26,79
1229,102.821736175807445,2.881694625000000,102.960300240412963,2.761694625000000,32,26,4
1230,102.821736175807445,2.761694625000000,102.960300240412963,2.641694625000000,33,26,9
1231,102.821736175807445,2.641694625000000,102.960300240412963,2.521694624999999,34,26,32
1232,102.821736175807445,2.521694624999999,102.960300240412963,2.401694624999999,35,26,65
1233,102.821736175807445,2.401694624999999,102.960300240412963,2.281694625000000,36,26,24
1234,102.821736175807445,2.281694625000000,102.960300240412963,2.161694625000000,37,26,13
1235,102.821736175807445,2.161694625000000,102.960300240412963,2.041694625000000,38,26,11
1236,102.821736175807445,2.041694625000000,102.960300240412963,1.921694625000000,39,26,145
1237,102.821736175807445,1.921694625000000,102.960300240412963,1.801694625000000,40,26,459
1238,102.821736175807445,1.801694625000000,102.960300240412963,1.681694625000000,41,26,0
1252,102.925659224261580,5.581694625000000,103.064223288867097,5.461694625000000,9,27,52
1253,102.925659224261580,5.461694625000000,103.064223288867097,5.341694625000000,10,27,153
1254,102.925659224261580,5.341694625000000,103.064223288867097,5.221694625000000,11,27,121
1255,102.925659224261580,5.221694625000000,103.064223288867097,5.101694625000000,12,27,92
1256,102.925659224261580,5.101694625000000,103.064223288867097,4.981694625000000,13,27,142
1257,102.925659224261580,4.981694625000000,103.064223288867097,4.861694625000000,14,27,22
1258,102.925659224261580,4.861694625000000,103.064223288867097,4.741694625000000,15,27,2
1259,102.925659224261580,4.741694625000000,103.064223288867097,4.621694625000000,16,27,2
1260,102.925659224261580,4.621694625000000,103.064223288867097,4.501694625000000,17,27,5
1261,102.925659224261580,4.501694625000000,103.064223288867097,4.381694625000000,18,27,0
1262,102.925659224261580,4.381694625000000,103.064223288867097,4.261694625000000,19,27,0
1263,102.925659224261580,4.261694625000000,103.064223288867097,4.141694625000001,20,27,0
1264,102.925659224261580,4.141694625000001,103.064223288867097,4.021694625000001,21,27,0
1265,102.925659224261580,4.021694625000001,103.064223288867097,3.901694625000000,22,27,14
1266,102.925659224261580,3.901694625000000,103.064223288867097,3.781694625000000,23,27,2
1267,102.925659224261580,3.781694625000000,103.064223288867097,3.661694625000000,24,27,23
1268,102.925659224261580,3.661694625000000,103.064223288867097,3.541694625000000,25,27,17
1269,102.925659224261580,3.541694625000000,103.064223288867097,3.421694625000000,26,27,20
1270,102.925659224261580,3.421694625000000,103.064223288867097,3.301694625000000,27,27,96
1271,102.925659224261580,3.301694625000000,103.064223288867097,3.181694625000000,28,27,3
1272,102.925659224261580,3.181694625000000,103.064223288867097,3.061694625000000,29,27,24
1273,102.925659224261580,3.061694625000000,103.064223288867097,2.941694625000000,30,27,22
1274,102.925659224261580,2.941694625000000,103.064223288867097,2.821694625000000,31,27,15
1275,102.925659224261580,2.821694625000000,103.064223288867097,2.701694625000000,32,27,6
1276,102.925659224261580,2.701694625000000,103.064223288867097,2.581694625000000,33,27,45
1277,102.925659224261580,2.581694625000000,103.064223288867097,2.461694625000000,34,27,43
1278,102.925659224261580,2.461694625000000,103.064223288867097,2.341694625000000,35,27,54
1279,102.925659224261580,2.341694625000000,103.064223288867097,2.221694625000000,36,27,25
1280,102.925659224261580,2.221694625000000,103.064223288867097,2.101694624999999,37,27,23
1281,102.925659224261580,2.101694624999999,103.064223288867097,1.981694624999999,38,27,67
1282,102.925659224261580,1.981694624999999,103.064223288867097,1.861694625000000,39,27,383
1283,102.925659224261580,1.861694625000000,103.064223288867097,1.741694625000000,40,27,236
1284,102.925659224261580,1.741694625000000,103.064223288867097,1.621694625000000,41,27,2
1299,103.029582272715714,5.521694625000000,103.168146337321232,5.401694625000000,10,28,139
1300,103.029582272715714,5.401694625000000,103.168146337321232,5.281694625000000,11,28,928
1301,103.029582272715714,5.281694625000000,103.168146337321232,5.161694625000000,12,28,677
1302,103.029582272715714,5.161694625000000,103.168146337321232,5.041694625000000,13,28,195
1303,103.029582272715714,5.041694625000000,103.168146337321232,4.921694625000000,14,28,37
1304,103.029582272715714,4.921694625000000,103.168146337321232,4.801694625000000,15,28,8
1305,103.029582272715714,4.801694625000000,103.168146337321232,4.681694625000000,16,28,12
1306,103.029582272715714,4.681694625000000,103.168146337321232,4.561694625000000,17,28,0
1307,103.029582272715714,4.561694625000000,103.168146337321232,4.441694625000000,18,28,0
1308,103.029582272715714,4.441694625000000,103.168146337321232,4.321694624999999,19,28,0
1309,103.029582272715714,4.321694624999999,103.168146337321232,4.201694625000000,20,28,2
1310,103.029582272715714,4.201694625000000,103.168146337321232,4.081694625000000,21,28,3
1311,103.029582272715714,4.081694625000000,103.168146337321232,3.961694625000000,22,28,9
1312,103.029582272715714,3.961694625000000,103.168146337321232,3.841694625000000,23,28,33
1313,103.029582272715714,3.841694625000000,103.168146337321232,3.721694625000000,24,28,14
1314,103.029582272715714,3.721694625000000,103.168146337321232,3.601694624999999,25,28,100
1315,103.029582272715714,3.601694624999999,103.168146337321232,3.481694625000000,26,28,34
1316,103.029582272715714,3.481694625000000,103.168146337321232,3.361694625000000,27,28,28
1317,103.029582272715714,3.361694625000000,103.168146337321232,3.241694625000000,28,28,12
1318,103.029582272715714,3.241694625000000,103.168146337321232,3.121694625000000,29,28,18
1319,103.029582272715714,3.121694625000000,103.168146337321232,3.001694625000000,30,28,67
1320,103.029582272715714,3.001694625000000,103.168146337321232,2.881694625000000,31,28,2
1321,103.029582272715714,2.881694625000000,103.168146337321232,2.761694625000000,32,28,0
1322,103.029582272715714,2.761694625000000,103.168146337321232,2.641694625000000,33,28,0
1323,103.029582272715714,2.641694625000000,103.168146337321232,2.521694624999999,34,28,0
1324,103.029582272715714,2.521694624999999,103.168146337321232,2.401694624999999,35,28,12
1325,103.029582272715714,2.401694624999999,103.168146337321232,2.281694625000000,36,28,15
1326,103.029582272715714,2.281694625000000,103.168146337321232,2.161694625000000,37,28,22
1327,103.029582272715714,2.161694625000000,103.168146337321232,2.041694625000000,38,28,38
1328,103.029582272715714,2.041694625000000,103.168146337321232,1.921694625000000,39,28,156
1329,103.029582272715714,1.921694625000000,103.168146337321232,1.801694625000000,40,28,279
1330,103.029582272715714,1.801694625000000,103.168146337321232,1.681694625000000,41,28,184
1331,103.029582272715714,1.681694625000000,103.168146337321232,1.561694624999999,42,28,9
1346,103.133505321169835,5.341694625000000,103.272069385775353,5.221694625000000,11,29,101
1347,103.133505321169835,5.221694625000000,103.272069385775353,5.101694625000000,12,29,88
1348,103.133505321169835,5.101694625000000,103.272069385775353,4.981694625000000,13,29,19
1349,103.133505321169835,4.981694625000000,103.272069385775353,4.861694625000000,14,29,20
1350,103.133505321169835,4.861694625000000,103.272069385775353,4.741694625000000,15,29,56
1351,103.133505321169835,4.741694625000000,103.272069385775353,4.621694625000000,16,29,17
1352,103.133505321169835,4.621694625000000,103.272069385775353,4.501694625000000,17,29,16
1353,103.133505321169835,4.501694625000000,103.272069385775353,4.381694625000000,18,29,4
1354,103.133505321169835,4.381694625000000,103.272069385775353,4.261694625000000,19,29,20
1355,103.133505321169835,4.261694625000000,103.272069385775353,4.141694625000001,20,29,9
1356,103.133505321169835,4.141694625000001,103.272069385775353,4.021694625000001,21,29,39
1357,103.133505321169835,4.021694625000001,103.272069385775353,3.901694625000000,22,29,47
1358,103.133505321169835,3.901694625000000,103.272069385775353,3.781694625000000,23,29,203
1359,103.133505321169835,3.781694625000000,103.272069385775353,3.661694625000000,24,29,292
1360,103.133505321169835,3.661694625000000,103.272069385775353,3.541694625000000,25,29,8
1361,103.133505321169835,3.541694625000000,103.272069385775353,3.421694625000000,26,29,11
1362,103.133505321169835,3.421694625000000,103.272069385775353,3.301694625000000,27,29,1
1363,103.133505321169835,3.301694625000000,103.272069385775353,3.181694625000000,28,29,14
1364,103.133505321169835,3.181694625000000,103.272069385775353,3.061694625000000,29,29,2
1365,103.133505321169835,3.061694625000000,103.272069385775353,2.941694625000000,30,29,10
1366,103.133505321169835,2.941694625000000,103.272069385775353,2.821694625000000,31,29,11
1367,103.133505321169835,2.821694625000000,103.272069385775353,2.701694625000000,32,29,1
1368,103.133505321169835,2.701694625000000,103.272069385775353,2.581694625000000,33,29,0
1369,103.133505321169835,2.581694625000000,103.272069385775353,2.461694625000000,34,29,0
1370,103.133505321169835,2.461694625000000,103.272069385775353,2.341694625000000,35,29,1
1371,103.133505321169835,2.341694625000000,103.272069385775353,2.221694625000000,36,29,5
1372,103.133505321169835,2.221694625000000,103.272069385775353,2.101694624999999,37,29,38
1373,103.133505321169835,2.101694624999999,103.272069385775353,1.981694624999999,38,29,12
1374,103.133505321169835,1.981694624999999,103.272069385775353,1.861694625000000,39,29,169
1375,103.133505321169835,1.861694625000000,103.272069385775353,1.741694625000000,40,29,49
1376,103.133505321169835,1.741694625000000,103.272069385775353,1.621694625000000,41,29,156
1377,103.133505321169835,1.621694625000000,103.272069385775353,1.501694625000000,42,29,0
1394,103.237428369623970,5.161694625000000,103.375992434229488,5.041694625000000,13,30,12
1395,103.237428369623970,5.041694625000000,103.375992434229488,4.921694625000000,14,30,45
1396,103.237428369623970,4.921694625000000,103.375992434229488,4.801694625000000,15,30,14
1397,103.237428369623970,4.801694625000000,103.375992434229488,4.681694625000000,16,30,15
1398,103.237428369623970,4.681694625000000,103.375992434229488,4.561694625000000,17,30,85
1399,103.237428369623970,4.561694625000000,103.375992434229488,4.441694625000000,18,30,5
1400,103.237428369623970,4.441694625000000,103.375992434229488,4.321694624999999,19,30,24
1401,103.237428369623970,4.321694624999999,103.375992434229488,4.201694625000000,20,30,32
1402,103.237428369623970,4.201694625000000,103.375992434229488,4.081694625000000,21,30,7
1403,103.237428369623970,4.081694625000000,103.375992434229488,3.961694625000000,22,30,45
1404,103.237428369623970,3.961694625000000,103.375992434229488,3.841694625000000,23,30,293
1405,103.237428369623970,3.841694625000000,103.375992434229488,3.721694625000000,24,30,890
1406,103.237428369623970,3.721694625000000,103.375992434229488,3.601694624999999,25,30,64
1407,103.237428369623970,3.601694624999999,103.375992434229488,3.481694625000000,26,30,32
1408,103.237428369623970,3.481694625000000,103.375992434229488,3.361694625000000,27,30,0
1409,103.237428369623970,3.361694625000000,103.375992434229488,3.241694625000000,28,30,0
1410,103.237428369623970,3.241694625000000,103.375992434229488,3.121694625000000,29,30,1
1411,103.237428369623970,3.121694625000000,103.375992434229488,3.001694625000000,30,30,0
1412,103.237428369623970,3.001694625000000,103.375992434229488,2.881694625000000,31,30,7
1413,103.237428369623970,2.881694625000000,103.375992434229488,2.761694625000000,32,30,5
1414,103.237428369623970,2.761694625000000,103.375992434229488,2.641694625000000,33,30,2
1415,103.237428369623970,2.641694625000000,103.375992434229488,2.521694624999999,34,30,0
1416,103.237428369623970,2.521694624999999,103.375992434229488,2.401694624999999,35,30,0
1417,103.237428369623970,2.401694624999999,103.375992434229488,2.281694625000000,36,30,0
1418,103.237428369623970,2.281694625000000,103.375992434229488,2.161694625000000,37,30,23
1419,103.237428369623970,2.161694625000000,103.375992434229488,2.041694625000000,38,30,196
1420,103.237428369623970,2.041694625000000,103.375992434229488,1.921694625000000,39,30,402
1421,103.237428369623970,1.921694625000000,103.375992434229488,1.801694625000000,40,30,110
1422,103.237428369623970,1.801694625000000,103.375992434229488,1.681694625000000,41,30,74
1423,103.237428369623970,1.681694625000000,103.375992434229488,1.561694624999999,42,30,158
1424,103.237428369623970,1.561694624999999,103.375992434229488,1.441694625000000,43,30,0
1441,103.341351418078105,4.981694625000000,103.479915482683623,4.861694625000000,14,31,19
1442,103.341351418078105,4.861694625000000,103.479915482683623,4.741694625000000,15,31,313
1443,103.341351418078105,4.741694625000000,103.479915482683623,4.621694625000000,16,31,306
1444,103.341351418078105,4.621694625000000,103.479915482683623,4.501694625000000,17,31,167
1445,103.341351418078105,4.501694625000000,103.479915482683623,4.381694625000000,18,31,124
1446,103.341351418078105,4.381694625000000,103.479915482683623,4.261694625000000,19,31,94
1447,103.341351418078105,4.261694625000000,103.479915482683623,4.141694625000001,20,31,464
1448,103.341351418078105,4.141694625000001,103.479915482683623,4.021694625000001,21,31,39
1449,103.341351418078105,4.021694625000001,103.479915482683623,3.901694625000000,22,31,177
1450,103.341351418078105,3.901694625000000,103.479915482683623,3.781694625000000,23,31,116
1451,103.341351418078105,3.781694625000000,103.479915482683623,3.661694625000000,24,31,0
1452,103.341351418078105,3.661694625000000,103.479915482683623,3.541694625000000,25,31,99
1453,103.341351418078105,3.541694625000000,103.479915482683623,3.421694625000000,26,31,183
1454,103.341351418078105,3.421694625000000,103.479915482683623,3.301694625000000,27,31,17
1455,103.341351418078105,3.301694625000000,103.479915482683623,3.181694625000000,28,31,11
1456,103.341351418078105,3.181694625000000,103.479915482683623,3.061694625000000,29,31,34
1457,103.341351418078105,3.061694625000000,103.479915482683623,2.941694625000000,30,31,11
1458,103.341351418078105,2.941694625000000,103.479915482683623,2.821694625000000,31,31,25
1459,103.341351418078105,2.821694625000000,103.479915482683623,2.701694625000000,32,31,15
1460,103.341351418078105,2.701694625000000,103.479915482683623,2.581694625000000,33,31,17
1461,103.341351418078105,2.581694625000000,103.479915482683623,2.461694625000000,34,31,1
1462,103.341351418078105,2.461694625000000,103.479915482683623,2.341694625000000,35,31,0
1463,103.341351418078105,2.341694625000000,103.479915482683623,2.221694625000000,36,31,4
1464,103.341351418078105,2.221694625000000,103.479915482683623,2.101694624999999,37,31,19
1465,103.341351418078105,2.101694624999999,103.479915482683623,1.981694624999999,38,31,99
1466,103.341351418078105,1.981694624999999,103.479915482683623,1.861694625000000,39,31,97
1467,103.341351418078105,1.861694625000000,103.479915482683623,1.741694625000000,40,31,28
1468,103.341351418078105,1.741694625000000,103.479915482683623,1.621694625000000,41,31,59
1469,103.341351418078105,1.621694625000000,103.479915482683623,1.501694625000000,42,31,188
1470,103.341351418078105,1.501694625000000,103.479915482683623,1.381694625000000,43,31,236
1471,103.341351418078105,1.381694625000000,103.479915482683623,1.261694625000000,44,31,3
1489,103.445274466532240,4.801694625000000,103.583838531137758,4.681694625000000,16,32,0
1490,103.445274466532240,4.681694625000000,103.583838531137758,4.561694625000000,17,32,0
1491,103.445274466532240,4.561694625000000,103.583838531137758,4.441694625000000,18,32,0
1492,103.445274466532240,4.441694625000000,103.583838531137758,4.321694624999999,19,32,55
1493,103.445274466532240,4.321694624999999,103.583838531137758,4.201694625000000,20,32,45
1502,103.445274466532240,3.241694625000000,103.583838531137758,3.121694625000000,29,32,0
1503,103.445274466532240,3.121694625000000,103.583838531137758,3.001694625000000,30,32,0
1504,103.445274466532240,3.001694625000000,103.583838531137758,2.881694625000000,31,32,0
1505,103.445274466532240,2.881694625000000,103.583838531137758,2.761694625000000,32,32,56
1506,103.445274466532240,2.761694625000000,103.583838531137758,2.641694625000000,33,32,26
1507,103.445274466532240,2.641694625000000,103.583838531137758,2.521694624999999,34,32,0
1508,103.445274466532240,2.521694624999999,103.583838531137758,2.401694624999999,35,32,0
1509,103.445274466532240,2.401694624999999,103.583838531137758,2.281694625000000,36,32,7
1510,103.445274466532240,2.281694625000000,103.583838531137758,2.161694625000000,37,32,21
1511,103.445274466532240,2.161694625000000,103.583838531137758,2.041694625000000,38,32,10
1512,103.445274466532240,2.041694625000000,103.583838531137758,1.921694625000000,39,32,20
1513,103.445274466532240,1.921694625000000,103.583838531137758,1.801694625000000,40,32,22
1514,103.445274466532240,1.801694625000000,103.583838531137758,1.681694625000000,41,32,74
1515,103.445274466532240,1.681694625000000,103.583838531137758,1.561694624999999,42,32,120
1516,103.445274466532240,1.561694624999999,103.583838531137758,1.441694625000000,43,32,193
1517,103.445274466532240,1.441694625000000,103.583838531137758,1.321694625000000,44,32,100
1518,103.445274466532240,1.321694625000000,103.583838531137758,1.201694625000000,45,32,17
1551,103.549197514986375,2.821694625000000,103.687761579591893,2.701694625000000,32,33,0
1552,103.549197514986375,2.701694625000000,103.687761579591893,2.581694625000000,33,33,90
1553,103.549197514986375,2.581694625000000,103.687761579591893,2.461694625000000,34,33,3
1554,103.549197514986375,2.461694625000000,103.687761579591893,2.341694625000000,35,33,11
1555,103.549197514986375,2.341694625000000,103.687761579591893,2.221694625000000,36,33,9
1556,103.549197514986375,2.221694625000000,103.687761579591893,2.101694624999999,37,33,0
1557,103.549197514986375,2.101694624999999,103.687761579591893,1.981694624999999,38,33,0
1558,103.549197514986375,1.981694624999999,103.687761579591893,1.861694625000000,39,33,28
1559,103.549197514986375,1.861694625000000,103.687761579591893,1.741694625000000,40,33,68
1560,103.549197514986375,1.741694625000000,103.687761579591893,1.621694625000000,41,33,690
1561,103.549197514986375,1.621694625000000,103.687761579591893,1.501694625000000,42,33,973
1562,103.549197514986375,1.501694625000000,103.687761579591893,1.381694625000000,43,33,802
1563,103.549197514986375,1.381694625000000,103.687761579591893,1.261694625000000,44,33,57
1598,103.653120563440510,2.761694625000000,103.791684628046028,2.641694625000000,33,34,1
1599,103.653120563440510,2.641694625000000,103.791684628046028,2.521694624999999,34,34,15
1600,103.653120563440510,2.521694624999999,103.791684628046028,2.401694624999999,35,34,4
1601,103.653120563440510,2.401694624999999,103.791684628046028,2.281694625000000,36,34,12
1602,103.653120563440510,2.281694625000000,103.791684628046028,2.161694625000000,37,34,0
1603,103.653120563440510,2.161694625000000,103.791684628046028,2.041694625000000,38,34,0
1604,103.653120563440510,2.041694625000000,103.791684628046028,1.921694625000000,39,34,0
1605,103.653120563440510,1.921694625000000,103.791684628046028,1.801694625000000,40,34,10
1606,103.653120563440510,1.801694625000000,103.791684628046028,1.681694625000000,41,34,82
1607,103.653120563440510,1.681694625000000,103.791684628046028,1.561694624999999,42,34,424
1608,103.653120563440510,1.561694624999999,103.791684628046028,1.441694625000000,43,34,1587
1645,103.757043611894630,2.581694625000000,103.895607676500148,2.461694625000000,34,35,26
1646,103.757043611894630,2.461694625000000,103.895607676500148,2.341694625000000,35,35,128
1647,103.757043611894630,2.341694625000000,103.895607676500148,2.221694625000000,36,35,11
1648,103.757043611894630,2.221694625000000,103.895607676500148,2.101694624999999,37,35,4
1649,103.757043611894630,2.101694624999999,103.895607676500148,1.981694624999999,38,35,12
1650,103.757043611894630,1.981694624999999,103.895607676500148,1.861694625000000,39,35,2
1651,103.757043611894630,1.861694625000000,103.895607676500148,1.741694625000000,40,35,17
1652,103.757043611894630,1.741694625000000,103.895607676500148,1.621694625000000,41,35,93
1653,103.757043611894630,1.621694625000000,103.895607676500148,1.501694625000000,42,35,1189
1654,103.757043611894630,1.501694625000000,103.895607676500148,1.381694625000000,43,35,293
1693,103.860966660348765,2.401694624999999,103.999530724954283,2.281694625000000,36,36,11
1694,103.860966660348765,2.281694625000000,103.999530724954283,2.161694625000000,37,36,5
1695,103.860966660348765,2.161694625000000,103.999530724954283,2.041694625000000,38,36,30
1696,103.860966660348765,2.041694625000000,103.999530724954283,1.921694625000000,39,36,11
1697,103.860966660348765,1.921694625000000,103.999530724954283,1.801694625000000,40,36,26
1698,103.860966660348765,1.801694625000000,103.999530724954283,1.681694625000000,41,36,202
1699,103.860966660348765,1.681694625000000,103.999530724954283,1.561694624999999,42,36,59
1700,103.860966660348765,1.561694624999999,103.999530724954283,1.441694625000000,43,36,787
1701,103.860966660348765,1.441694625000000,103.999530724954283,1.321694625000000,44,36,54
1740,103.964889708802900,2.221694625000000,104.103453773408418,2.101694624999999,37,37,2
1741,103.964889708802900,2.101694624999999,104.103453773408418,1.981694624999999,38,37,10
1742,103.964889708802900,1.981694624999999,104.103453773408418,1.861694625000000,39,37,35
1743,103.964889708802900,1.861694625000000,104.103453773408418,1.741694625000000,40,37,65
1744,103.964889708802900,1.741694625000000,104.103453773408418,1.621694625000000,41,37,60
1745,103.964889708802900,1.621694625000000,104.103453773408418,1.501694625000000,42,37,45
1746,103.964889708802900,1.501694625000000,104.103453773408418,1.381694625000000,43,37,45
1788,104.068812757257035,2.041694625000000,104.207376821862553,1.921694625000000,39,38,20
1789,104.068812757257035,1.921694625000000,104.207376821862553,1.801694625000000,40,38,29
1790,104.068812757257035,1.801694625000000,104.207376821862553,1.681694625000000,41,38,58
1791,104.068812757257035,1.681694625000000,104.207376821862553,1.561694624999999,42,38,112
1792,104.068812757257035,1.561694624999999,104.207376821862553,1.441694625000000,43,38,96
1793,104.068812757257035,1.441694625000000,104.207376821862553,1.321694625000000,44,38,61
1835,104.172735805711170,1.861694625000000,104.311299870316688,1.741694625000000,40,39,0
1836,104.172735805711170,1.741694625000000,104.311299870316688,1.621694625000000,41,39,5
1837,104.172735805711170,1.621694625000000,104.311299870316688,1.501694625000000,42,39,64
1838,104.172735805711170,1.501694625000000,104.311299870316688,1.381694625000000,43,39,47
1839,104.172735805711170,1.381694625000000,104.311299870316688,1.261694625000000,44,39,58
1884,104.276658854165305,1.561694624999999,104.415222918770823,1.441694625000000,43,40,0
1885,104.276658854165305,1.441694625000000,104.415222918770823,1.321694625000000,44,40,6
